protocol,method,role,sample_index,normalized_frame_index,source_index,source_index_kind,raw_signal,raw_signal_definition,instantaneous_reward,cumulative_reward,normalized_cumulative_reward,included_in_main_figure
adapted_progress_diagnostic,vip,success,0,0.0,0,video_frame,-20.421056747436523,negative goal-embedding Euclidean distance,0.0,0.0,0.0,True
adapted_progress_diagnostic,vip,success,1,0.005494505494505495,1,video_frame,-20.546531677246094,negative goal-embedding Euclidean distance,0.0,0.0,0.0,True
adapted_progress_diagnostic,vip,success,2,0.01098901098901099,2,video_frame,-20.658281326293945,negative goal-embedding Euclidean distance,0.0,0.0,0.0,True
adapted_progress_diagnostic,vip,success,3,0.016483516483516484,3,video_frame,-20.562990188598633,negative goal-embedding Euclidean distance,0.0,0.0,0.0,True
adapted_progress_diagnostic,vip,success,4,0.02197802197802198,4,video_frame,-20.52186393737793,negative goal-embedding Euclidean distance,0.0,0.0,0.0,True
adapted_progress_diagnostic,vip,success,5,0.027472527472527476,5,video_frame,-20.55162239074707,negative goal-embedding Euclidean distance,0.0,0.0,0.0,True
adapted_progress_diagnostic,vip,success,6,0.03296703296703297,6,video_frame,-20.53201675415039,negative goal-embedding Euclidean distance,0.0,0.0,0.0,True
adapted_progress_diagnostic,vip,success,7,0.038461538461538464,7,video_frame,-20.432918548583984,negative goal-embedding Euclidean distance,0.0,0.0,0.0,True
adapted_progress_diagnostic,vip,success,8,0.04395604395604396,8,video_frame,-20.42588996887207,negative goal-embedding Euclidean distance,0.0,0.0,0.0,True
adapted_progress_diagnostic,vip,success,9,0.049450549450549455,9,video_frame,-20.294292449951172,negative goal-embedding Euclidean distance,0.12676429748535156,0.12676429748535156,0.007878393866121769,True
adapted_progress_diagnostic,vip,success,10,0.05494505494505495,10,video_frame,-20.075660705566406,negative goal-embedding Euclidean distance,0.21863174438476562,0.3453960418701172,0.021466346457600594,True
adapted_progress_diagnostic,vip,success,11,0.06043956043956045,11,video_frame,-19.955768585205078,negative goal-embedding Euclidean distance,0.11989212036132812,0.4652881622314453,0.02891763485968113,True
adapted_progress_diagnostic,vip,success,12,0.06593406593406594,12,video_frame,-19.85725975036621,negative goal-embedding Euclidean distance,0.09850883483886719,0.5637969970703125,0.035039953887462616,True
adapted_progress_diagnostic,vip,success,13,0.07142857142857144,13,video_frame,-19.74500846862793,negative goal-embedding Euclidean distance,0.11225128173828125,0.6760482788085938,0.04201636463403702,True
adapted_progress_diagnostic,vip,success,14,0.07692307692307693,14,video_frame,-19.58305549621582,negative goal-embedding Euclidean distance,0.16195297241210938,0.8380012512207031,0.05208173394203186,True
adapted_progress_diagnostic,vip,success,15,0.08241758241758243,15,video_frame,-19.4755916595459,negative goal-embedding Euclidean distance,0.10746383666992188,0.945465087890625,0.05876060575246811,True
adapted_progress_diagnostic,vip,success,16,0.08791208791208792,16,video_frame,-19.307249069213867,negative goal-embedding Euclidean distance,0.16834259033203125,1.1138076782226562,0.06922309100627899,True
adapted_progress_diagnostic,vip,success,17,0.09340659340659341,17,video_frame,-19.293710708618164,negative goal-embedding Euclidean distance,0.013538360595703125,1.1273460388183594,0.0700644925236702,True
adapted_progress_diagnostic,vip,success,18,0.09890109890109891,18,video_frame,-19.38109588623047,negative goal-embedding Euclidean distance,0.0,1.1273460388183594,0.0700644925236702,True
adapted_progress_diagnostic,vip,success,19,0.1043956043956044,19,video_frame,-19.43341827392578,negative goal-embedding Euclidean distance,0.0,1.1273460388183594,0.0700644925236702,True
adapted_progress_diagnostic,vip,success,20,0.1098901098901099,20,video_frame,-19.285093307495117,negative goal-embedding Euclidean distance,0.008617401123046875,1.1359634399414062,0.07060007005929947,True
adapted_progress_diagnostic,vip,success,21,0.11538461538461539,21,video_frame,-19.378984451293945,negative goal-embedding Euclidean distance,0.0,1.1359634399414062,0.07060007005929947,True
adapted_progress_diagnostic,vip,success,22,0.1208791208791209,22,video_frame,-19.489408493041992,negative goal-embedding Euclidean distance,0.0,1.1359634399414062,0.07060007005929947,True
adapted_progress_diagnostic,vip,success,23,0.1263736263736264,23,video_frame,-19.412586212158203,negative goal-embedding Euclidean distance,0.0,1.1359634399414062,0.07060007005929947,True
adapted_progress_diagnostic,vip,success,24,0.13186813186813187,24,video_frame,-19.66144561767578,negative goal-embedding Euclidean distance,0.0,1.1359634399414062,0.07060007005929947,True
adapted_progress_diagnostic,vip,success,25,0.13736263736263737,25,video_frame,-19.506126403808594,negative goal-embedding Euclidean distance,0.0,1.1359634399414062,0.07060007005929947,True
adapted_progress_diagnostic,vip,success,26,0.14285714285714288,26,video_frame,-19.399141311645508,negative goal-embedding Euclidean distance,0.0,1.1359634399414062,0.07060007005929947,True
adapted_progress_diagnostic,vip,success,27,0.14835164835164835,27,video_frame,-19.005308151245117,negative goal-embedding Euclidean distance,0.27978515625,1.4157485961914062,0.08798869699239731,True
adapted_progress_diagnostic,vip,success,28,0.15384615384615385,28,video_frame,-18.934839248657227,negative goal-embedding Euclidean distance,0.07046890258789062,1.4862174987792969,0.09236833453178406,True
adapted_progress_diagnostic,vip,success,29,0.15934065934065936,29,video_frame,-18.77090072631836,negative goal-embedding Euclidean distance,0.1639385223388672,1.650156021118164,0.10255710780620575,True
adapted_progress_diagnostic,vip,success,30,0.16483516483516486,30,video_frame,-18.627294540405273,negative goal-embedding Euclidean distance,0.14360618591308594,1.79376220703125,0.11148222535848618,True
adapted_progress_diagnostic,vip,success,31,0.17032967032967034,31,video_frame,-18.502239227294922,negative goal-embedding Euclidean distance,0.12505531311035156,1.9188175201416016,0.11925440281629562,True
adapted_progress_diagnostic,vip,success,32,0.17582417582417584,32,video_frame,-18.49555778503418,negative goal-embedding Euclidean distance,0.0066814422607421875,1.9254989624023438,0.11966966092586517,True
adapted_progress_diagnostic,vip,success,33,0.18131868131868134,33,video_frame,-18.374216079711914,negative goal-embedding Euclidean distance,0.12134170532226562,2.0468406677246094,0.12721103429794312,True
adapted_progress_diagnostic,vip,success,34,0.18681318681318682,34,video_frame,-18.617717742919922,negative goal-embedding Euclidean distance,0.0,2.0468406677246094,0.12721103429794312,True
adapted_progress_diagnostic,vip,success,35,0.19230769230769232,35,video_frame,-18.697887420654297,negative goal-embedding Euclidean distance,0.0,2.0468406677246094,0.12721103429794312,True
adapted_progress_diagnostic,vip,success,36,0.19780219780219782,36,video_frame,-18.754423141479492,negative goal-embedding Euclidean distance,0.0,2.0468406677246094,0.12721103429794312,True
adapted_progress_diagnostic,vip,success,37,0.20329670329670332,37,video_frame,-18.722278594970703,negative goal-embedding Euclidean distance,0.0,2.0468406677246094,0.12721103429794312,True
adapted_progress_diagnostic,vip,success,38,0.2087912087912088,38,video_frame,-18.549480438232422,negative goal-embedding Euclidean distance,0.0,2.0468406677246094,0.12721103429794312,True
adapted_progress_diagnostic,vip,success,39,0.2142857142857143,39,video_frame,-18.47709083557129,negative goal-embedding Euclidean distance,0.0,2.0468406677246094,0.12721103429794312,True
adapted_progress_diagnostic,vip,success,40,0.2197802197802198,40,video_frame,-18.495891571044922,negative goal-embedding Euclidean distance,0.0,2.0468406677246094,0.12721103429794312,True
adapted_progress_diagnostic,vip,success,41,0.22527472527472528,41,video_frame,-18.468013763427734,negative goal-embedding Euclidean distance,0.0,2.0468406677246094,0.12721103429794312,True
adapted_progress_diagnostic,vip,success,42,0.23076923076923078,42,video_frame,-18.343791961669922,negative goal-embedding Euclidean distance,0.030424118041992188,2.0772647857666016,0.12910190224647522,True
adapted_progress_diagnostic,vip,success,43,0.23626373626373628,43,video_frame,-18.33234405517578,negative goal-embedding Euclidean distance,0.011447906494140625,2.088712692260742,0.12981338798999786,True
adapted_progress_diagnostic,vip,success,44,0.2417582417582418,44,video_frame,-18.142723083496094,negative goal-embedding Euclidean distance,0.1896209716796875,2.2783336639404297,0.14159831404685974,True
adapted_progress_diagnostic,vip,success,45,0.24725274725274726,45,video_frame,-18.15802764892578,negative goal-embedding Euclidean distance,0.0,2.2783336639404297,0.14159831404685974,True
adapted_progress_diagnostic,vip,success,46,0.2527472527472528,46,video_frame,-18.245454788208008,negative goal-embedding Euclidean distance,0.0,2.2783336639404297,0.14159831404685974,True
adapted_progress_diagnostic,vip,success,47,0.25824175824175827,47,video_frame,-18.196020126342773,negative goal-embedding Euclidean distance,0.0,2.2783336639404297,0.14159831404685974,True
adapted_progress_diagnostic,vip,success,48,0.26373626373626374,48,video_frame,-18.11123275756836,negative goal-embedding Euclidean distance,0.031490325927734375,2.309823989868164,0.1435554325580597,True
adapted_progress_diagnostic,vip,success,49,0.2692307692307693,49,video_frame,-18.17032814025879,negative goal-embedding Euclidean distance,0.0,2.309823989868164,0.1435554325580597,True
adapted_progress_diagnostic,vip,success,50,0.27472527472527475,50,video_frame,-18.326948165893555,negative goal-embedding Euclidean distance,0.0,2.309823989868164,0.1435554325580597,True
adapted_progress_diagnostic,vip,success,51,0.2802197802197802,51,video_frame,-18.31588363647461,negative goal-embedding Euclidean distance,0.0,2.309823989868164,0.1435554325580597,True
adapted_progress_diagnostic,vip,success,52,0.28571428571428575,52,video_frame,-18.315895080566406,negative goal-embedding Euclidean distance,0.0,2.309823989868164,0.1435554325580597,True
adapted_progress_diagnostic,vip,success,53,0.29120879120879123,53,video_frame,-18.306909561157227,negative goal-embedding Euclidean distance,0.0,2.309823989868164,0.1435554325580597,True
adapted_progress_diagnostic,vip,success,54,0.2967032967032967,54,video_frame,-18.385419845581055,negative goal-embedding Euclidean distance,0.0,2.309823989868164,0.1435554325580597,True
adapted_progress_diagnostic,vip,success,55,0.30219780219780223,55,video_frame,-18.402685165405273,negative goal-embedding Euclidean distance,0.0,2.309823989868164,0.1435554325580597,True
adapted_progress_diagnostic,vip,success,56,0.3076923076923077,56,video_frame,-18.33492660522461,negative goal-embedding Euclidean distance,0.0,2.309823989868164,0.1435554325580597,True
adapted_progress_diagnostic,vip,success,57,0.3131868131868132,57,video_frame,-18.384265899658203,negative goal-embedding Euclidean distance,0.0,2.309823989868164,0.1435554325580597,True
adapted_progress_diagnostic,vip,success,58,0.3186813186813187,58,video_frame,-18.435041427612305,negative goal-embedding Euclidean distance,0.0,2.309823989868164,0.1435554325580597,True
adapted_progress_diagnostic,vip,success,59,0.3241758241758242,59,video_frame,-18.455738067626953,negative goal-embedding Euclidean distance,0.0,2.309823989868164,0.1435554325580597,True
adapted_progress_diagnostic,vip,success,60,0.3296703296703297,60,video_frame,-18.35331153869629,negative goal-embedding Euclidean distance,0.0,2.309823989868164,0.1435554325580597,True
adapted_progress_diagnostic,vip,success,61,0.3351648351648352,61,video_frame,-18.3138484954834,negative goal-embedding Euclidean distance,0.0,2.309823989868164,0.1435554325580597,True
adapted_progress_diagnostic,vip,success,62,0.34065934065934067,62,video_frame,-18.277708053588867,negative goal-embedding Euclidean distance,0.0,2.309823989868164,0.1435554325580597,True
adapted_progress_diagnostic,vip,success,63,0.3461538461538462,63,video_frame,-18.181289672851562,negative goal-embedding Euclidean distance,0.0,2.309823989868164,0.1435554325580597,True
adapted_progress_diagnostic,vip,success,64,0.3516483516483517,64,video_frame,-18.157482147216797,negative goal-embedding Euclidean distance,0.0,2.309823989868164,0.1435554325580597,True
adapted_progress_diagnostic,vip,success,65,0.35714285714285715,65,video_frame,-18.115734100341797,negative goal-embedding Euclidean distance,0.0,2.309823989868164,0.1435554325580597,True
adapted_progress_diagnostic,vip,success,66,0.3626373626373627,66,video_frame,-18.090042114257812,negative goal-embedding Euclidean distance,0.021190643310546875,2.331014633178711,0.14487244188785553,True
adapted_progress_diagnostic,vip,success,67,0.36813186813186816,67,video_frame,-18.106966018676758,negative goal-embedding Euclidean distance,0.0,2.331014633178711,0.14487244188785553,True
adapted_progress_diagnostic,vip,success,68,0.37362637362637363,68,video_frame,-18.073190689086914,negative goal-embedding Euclidean distance,0.016851425170898438,2.3478660583496094,0.14591975510120392,True
adapted_progress_diagnostic,vip,success,69,0.37912087912087916,69,video_frame,-18.0125732421875,negative goal-embedding Euclidean distance,0.06061744689941406,2.4084835052490234,0.14968712627887726,True
adapted_progress_diagnostic,vip,success,70,0.38461538461538464,70,video_frame,-18.118934631347656,negative goal-embedding Euclidean distance,0.0,2.4084835052490234,0.14968712627887726,True
adapted_progress_diagnostic,vip,success,71,0.39010989010989017,71,video_frame,-18.382081985473633,negative goal-embedding Euclidean distance,0.0,2.4084835052490234,0.14968712627887726,True
adapted_progress_diagnostic,vip,success,72,0.39560439560439564,72,video_frame,-18.671815872192383,negative goal-embedding Euclidean distance,0.0,2.4084835052490234,0.14968712627887726,True
adapted_progress_diagnostic,vip,success,73,0.4010989010989011,73,video_frame,-18.748701095581055,negative goal-embedding Euclidean distance,0.0,2.4084835052490234,0.14968712627887726,True
adapted_progress_diagnostic,vip,success,74,0.40659340659340665,74,video_frame,-18.709917068481445,negative goal-embedding Euclidean distance,0.0,2.4084835052490234,0.14968712627887726,True
adapted_progress_diagnostic,vip,success,75,0.4120879120879121,75,video_frame,-18.814115524291992,negative goal-embedding Euclidean distance,0.0,2.4084835052490234,0.14968712627887726,True
adapted_progress_diagnostic,vip,success,76,0.4175824175824176,76,video_frame,-18.84881019592285,negative goal-embedding Euclidean distance,0.0,2.4084835052490234,0.14968712627887726,True
adapted_progress_diagnostic,vip,success,77,0.42307692307692313,77,video_frame,-19.217647552490234,negative goal-embedding Euclidean distance,0.0,2.4084835052490234,0.14968712627887726,True
adapted_progress_diagnostic,vip,success,78,0.4285714285714286,78,video_frame,-19.42433738708496,negative goal-embedding Euclidean distance,0.0,2.4084835052490234,0.14968712627887726,True
adapted_progress_diagnostic,vip,success,79,0.4340659340659341,79,video_frame,-19.76130485534668,negative goal-embedding Euclidean distance,0.0,2.4084835052490234,0.14968712627887726,True
adapted_progress_diagnostic,vip,success,80,0.4395604395604396,80,video_frame,-19.965038299560547,negative goal-embedding Euclidean distance,0.0,2.4084835052490234,0.14968712627887726,True
adapted_progress_diagnostic,vip,success,81,0.4450549450549451,81,video_frame,-20.19956398010254,negative goal-embedding Euclidean distance,0.0,2.4084835052490234,0.14968712627887726,True
adapted_progress_diagnostic,vip,success,82,0.45054945054945056,82,video_frame,-20.479707717895508,negative goal-embedding Euclidean distance,0.0,2.4084835052490234,0.14968712627887726,True
adapted_progress_diagnostic,vip,success,83,0.4560439560439561,83,video_frame,-20.75457000732422,negative goal-embedding Euclidean distance,0.0,2.4084835052490234,0.14968712627887726,True
adapted_progress_diagnostic,vip,success,84,0.46153846153846156,84,video_frame,-21.03792953491211,negative goal-embedding Euclidean distance,0.0,2.4084835052490234,0.14968712627887726,True
adapted_progress_diagnostic,vip,success,85,0.4670329670329671,85,video_frame,-21.220142364501953,negative goal-embedding Euclidean distance,0.0,2.4084835052490234,0.14968712627887726,True
adapted_progress_diagnostic,vip,success,86,0.47252747252747257,86,video_frame,-21.174402236938477,negative goal-embedding Euclidean distance,0.0,2.4084835052490234,0.14968712627887726,True
adapted_progress_diagnostic,vip,success,87,0.47802197802197804,87,video_frame,-21.119709014892578,negative goal-embedding Euclidean distance,0.0,2.4084835052490234,0.14968712627887726,True
adapted_progress_diagnostic,vip,success,88,0.4835164835164836,88,video_frame,-21.15085792541504,negative goal-embedding Euclidean distance,0.0,2.4084835052490234,0.14968712627887726,True
adapted_progress_diagnostic,vip,success,89,0.48901098901098905,89,video_frame,-21.104496002197266,negative goal-embedding Euclidean distance,0.0,2.4084835052490234,0.14968712627887726,True
adapted_progress_diagnostic,vip,success,90,0.4945054945054945,90,video_frame,-21.03437614440918,negative goal-embedding Euclidean distance,0.0,2.4084835052490234,0.14968712627887726,True
adapted_progress_diagnostic,vip,success,91,0.5,91,video_frame,-20.987051010131836,negative goal-embedding Euclidean distance,0.0,2.4084835052490234,0.14968712627887726,True
adapted_progress_diagnostic,vip,success,92,0.5054945054945056,92,video_frame,-21.084957122802734,negative goal-embedding Euclidean distance,0.0,2.4084835052490234,0.14968712627887726,True
adapted_progress_diagnostic,vip,success,93,0.5109890109890111,93,video_frame,-21.210073471069336,negative goal-embedding Euclidean distance,0.0,2.4084835052490234,0.14968712627887726,True
adapted_progress_diagnostic,vip,success,94,0.5164835164835165,94,video_frame,-21.116220474243164,negative goal-embedding Euclidean distance,0.0,2.4084835052490234,0.14968712627887726,True
adapted_progress_diagnostic,vip,success,95,0.521978021978022,95,video_frame,-21.0296688079834,negative goal-embedding Euclidean distance,0.0,2.4084835052490234,0.14968712627887726,True
adapted_progress_diagnostic,vip,success,96,0.5274725274725275,96,video_frame,-20.729366302490234,negative goal-embedding Euclidean distance,0.0,2.4084835052490234,0.14968712627887726,True
adapted_progress_diagnostic,vip,success,97,0.532967032967033,97,video_frame,-20.610597610473633,negative goal-embedding Euclidean distance,0.0,2.4084835052490234,0.14968712627887726,True
adapted_progress_diagnostic,vip,success,98,0.5384615384615385,98,video_frame,-20.327909469604492,negative goal-embedding Euclidean distance,0.0,2.4084835052490234,0.14968712627887726,True
adapted_progress_diagnostic,vip,success,99,0.543956043956044,99,video_frame,-19.984891891479492,negative goal-embedding Euclidean distance,0.0,2.4084835052490234,0.14968712627887726,True
adapted_progress_diagnostic,vip,success,100,0.5494505494505495,100,video_frame,-19.872657775878906,negative goal-embedding Euclidean distance,0.0,2.4084835052490234,0.14968712627887726,True
adapted_progress_diagnostic,vip,success,101,0.554945054945055,101,video_frame,-19.537914276123047,negative goal-embedding Euclidean distance,0.0,2.4084835052490234,0.14968712627887726,True
adapted_progress_diagnostic,vip,success,102,0.5604395604395604,102,video_frame,-19.34283447265625,negative goal-embedding Euclidean distance,0.0,2.4084835052490234,0.14968712627887726,True
adapted_progress_diagnostic,vip,success,103,0.565934065934066,103,video_frame,-19.107328414916992,negative goal-embedding Euclidean distance,0.0,2.4084835052490234,0.14968712627887726,True
adapted_progress_diagnostic,vip,success,104,0.5714285714285715,104,video_frame,-18.775026321411133,negative goal-embedding Euclidean distance,0.0,2.4084835052490234,0.14968712627887726,True
adapted_progress_diagnostic,vip,success,105,0.576923076923077,105,video_frame,-18.362884521484375,negative goal-embedding Euclidean distance,0.0,2.4084835052490234,0.14968712627887726,True
adapted_progress_diagnostic,vip,success,106,0.5824175824175825,106,video_frame,-18.208444595336914,negative goal-embedding Euclidean distance,0.0,2.4084835052490234,0.14968712627887726,True
adapted_progress_diagnostic,vip,success,107,0.5879120879120879,107,video_frame,-17.89505958557129,negative goal-embedding Euclidean distance,0.11751365661621094,2.5259971618652344,0.15699058771133423,True
adapted_progress_diagnostic,vip,success,108,0.5934065934065934,108,video_frame,-17.71921157836914,negative goal-embedding Euclidean distance,0.17584800720214844,2.701845169067383,0.16791953146457672,True
adapted_progress_diagnostic,vip,success,109,0.598901098901099,109,video_frame,-17.433565139770508,negative goal-embedding Euclidean distance,0.2856464385986328,2.9874916076660156,0.18567244708538055,True
adapted_progress_diagnostic,vip,success,110,0.6043956043956045,110,video_frame,-17.405683517456055,negative goal-embedding Euclidean distance,0.027881622314453125,3.0153732299804688,0.1874052882194519,True
adapted_progress_diagnostic,vip,success,111,0.6098901098901099,111,video_frame,-17.296842575073242,negative goal-embedding Euclidean distance,0.1088409423828125,3.1242141723632812,0.19416974484920502,True
adapted_progress_diagnostic,vip,success,112,0.6153846153846154,112,video_frame,-17.220947265625,negative goal-embedding Euclidean distance,0.07589530944824219,3.2001094818115234,0.19888663291931152,True
adapted_progress_diagnostic,vip,success,113,0.6208791208791209,113,video_frame,-16.871261596679688,negative goal-embedding Euclidean distance,0.3496856689453125,3.549795150756836,0.2206195741891861,True
adapted_progress_diagnostic,vip,success,114,0.6263736263736264,114,video_frame,-16.712717056274414,negative goal-embedding Euclidean distance,0.15854454040527344,3.7083396911621094,0.2304731160402298,True
adapted_progress_diagnostic,vip,success,115,0.631868131868132,115,video_frame,-16.604564666748047,negative goal-embedding Euclidean distance,0.10815238952636719,3.8164920806884766,0.23719477653503418,True
adapted_progress_diagnostic,vip,success,116,0.6373626373626374,116,video_frame,-16.44756507873535,negative goal-embedding Euclidean distance,0.1569995880126953,3.973491668701172,0.24695229530334473,True
adapted_progress_diagnostic,vip,success,117,0.6428571428571429,117,video_frame,-16.358386993408203,negative goal-embedding Euclidean distance,0.08917808532714844,4.06266975402832,0.2524947226047516,True
adapted_progress_diagnostic,vip,success,118,0.6483516483516484,118,video_frame,-16.296947479248047,negative goal-embedding Euclidean distance,0.06143951416015625,4.124109268188477,0.25631317496299744,True
adapted_progress_diagnostic,vip,success,119,0.6538461538461539,119,video_frame,-16.06377410888672,negative goal-embedding Euclidean distance,0.23317337036132812,4.357282638549805,0.27080488204956055,True
adapted_progress_diagnostic,vip,success,120,0.6593406593406594,120,video_frame,-15.837687492370605,negative goal-embedding Euclidean distance,0.22608661651611328,4.583369255065918,0.2848561406135559,True
adapted_progress_diagnostic,vip,success,121,0.6648351648351649,121,video_frame,-15.627400398254395,negative goal-embedding Euclidean distance,0.21028709411621094,4.793656349182129,0.2979254722595215,True
adapted_progress_diagnostic,vip,success,122,0.6703296703296704,122,video_frame,-15.477028846740723,negative goal-embedding Euclidean distance,0.15037155151367188,4.944027900695801,0.3072710633277893,True
adapted_progress_diagnostic,vip,success,123,0.6758241758241759,123,video_frame,-15.520410537719727,negative goal-embedding Euclidean distance,0.0,4.944027900695801,0.3072710633277893,True
adapted_progress_diagnostic,vip,success,124,0.6813186813186813,124,video_frame,-15.404343605041504,negative goal-embedding Euclidean distance,0.07268524169921875,5.0167131423950195,0.3117884397506714,True
adapted_progress_diagnostic,vip,success,125,0.6868131868131868,125,video_frame,-15.493341445922852,negative goal-embedding Euclidean distance,0.0,5.0167131423950195,0.3117884397506714,True
adapted_progress_diagnostic,vip,success,126,0.6923076923076924,126,video_frame,-15.438201904296875,negative goal-embedding Euclidean distance,0.0,5.0167131423950195,0.3117884397506714,True
adapted_progress_diagnostic,vip,success,127,0.6978021978021979,127,video_frame,-15.808964729309082,negative goal-embedding Euclidean distance,0.0,5.0167131423950195,0.3117884397506714,True
adapted_progress_diagnostic,vip,success,128,0.7032967032967034,128,video_frame,-15.478041648864746,negative goal-embedding Euclidean distance,0.0,5.0167131423950195,0.3117884397506714,True
adapted_progress_diagnostic,vip,success,129,0.7087912087912088,129,video_frame,-15.73371410369873,negative goal-embedding Euclidean distance,0.0,5.0167131423950195,0.3117884397506714,True
adapted_progress_diagnostic,vip,success,130,0.7142857142857143,130,video_frame,-15.657121658325195,negative goal-embedding Euclidean distance,0.0,5.0167131423950195,0.3117884397506714,True
adapted_progress_diagnostic,vip,success,131,0.7197802197802199,131,video_frame,-15.661376953125,negative goal-embedding Euclidean distance,0.0,5.0167131423950195,0.3117884397506714,True
adapted_progress_diagnostic,vip,success,132,0.7252747252747254,132,video_frame,-15.812113761901855,negative goal-embedding Euclidean distance,0.0,5.0167131423950195,0.3117884397506714,True
adapted_progress_diagnostic,vip,success,133,0.7307692307692308,133,video_frame,-15.618725776672363,negative goal-embedding Euclidean distance,0.0,5.0167131423950195,0.3117884397506714,True
adapted_progress_diagnostic,vip,success,134,0.7362637362637363,134,video_frame,-15.520873069763184,negative goal-embedding Euclidean distance,0.0,5.0167131423950195,0.3117884397506714,True
adapted_progress_diagnostic,vip,success,135,0.7417582417582418,135,video_frame,-15.282994270324707,negative goal-embedding Euclidean distance,0.12134933471679688,5.138062477111816,0.3193303048610687,True
adapted_progress_diagnostic,vip,success,136,0.7472527472527473,136,video_frame,-15.077743530273438,negative goal-embedding Euclidean distance,0.20525074005126953,5.343313217163086,0.33208662271499634,True
adapted_progress_diagnostic,vip,success,137,0.7527472527472528,137,video_frame,-14.494762420654297,negative goal-embedding Euclidean distance,0.5829811096191406,5.926294326782227,0.3683188855648041,True
adapted_progress_diagnostic,vip,success,138,0.7582417582417583,138,video_frame,-14.1597261428833,negative goal-embedding Euclidean distance,0.3350362777709961,6.261330604553223,0.38914135098457336,True
adapted_progress_diagnostic,vip,success,139,0.7637362637362638,139,video_frame,-13.886165618896484,negative goal-embedding Euclidean distance,0.2735605239868164,6.534891128540039,0.4061431288719177,True
adapted_progress_diagnostic,vip,success,140,0.7692307692307693,140,video_frame,-13.892279624938965,negative goal-embedding Euclidean distance,0.0,6.534891128540039,0.4061431288719177,True
adapted_progress_diagnostic,vip,success,141,0.7747252747252747,141,video_frame,-13.887375831604004,negative goal-embedding Euclidean distance,0.0,6.534891128540039,0.4061431288719177,True
adapted_progress_diagnostic,vip,success,142,0.7802197802197803,142,video_frame,-14.05453872680664,negative goal-embedding Euclidean distance,0.0,6.534891128540039,0.4061431288719177,True
adapted_progress_diagnostic,vip,success,143,0.7857142857142858,143,video_frame,-14.124360084533691,negative goal-embedding Euclidean distance,0.0,6.534891128540039,0.4061431288719177,True
adapted_progress_diagnostic,vip,success,144,0.7912087912087913,144,video_frame,-14.358612060546875,negative goal-embedding Euclidean distance,0.0,6.534891128540039,0.4061431288719177,True
adapted_progress_diagnostic,vip,success,145,0.7967032967032968,145,video_frame,-14.418615341186523,negative goal-embedding Euclidean distance,0.0,6.534891128540039,0.4061431288719177,True
adapted_progress_diagnostic,vip,success,146,0.8021978021978022,146,video_frame,-14.470020294189453,negative goal-embedding Euclidean distance,0.0,6.534891128540039,0.4061431288719177,True
adapted_progress_diagnostic,vip,success,147,0.8076923076923077,147,video_frame,-14.378450393676758,negative goal-embedding Euclidean distance,0.0,6.534891128540039,0.4061431288719177,True
adapted_progress_diagnostic,vip,success,148,0.8131868131868133,148,video_frame,-14.375965118408203,negative goal-embedding Euclidean distance,0.0,6.534891128540039,0.4061431288719177,True
adapted_progress_diagnostic,vip,success,149,0.8186813186813188,149,video_frame,-14.424696922302246,negative goal-embedding Euclidean distance,0.0,6.534891128540039,0.4061431288719177,True
adapted_progress_diagnostic,vip,success,150,0.8241758241758242,150,video_frame,-14.600293159484863,negative goal-embedding Euclidean distance,0.0,6.534891128540039,0.4061431288719177,True
adapted_progress_diagnostic,vip,success,151,0.8296703296703297,151,video_frame,-14.462385177612305,negative goal-embedding Euclidean distance,0.0,6.534891128540039,0.4061431288719177,True
adapted_progress_diagnostic,vip,success,152,0.8351648351648352,152,video_frame,-13.918461799621582,negative goal-embedding Euclidean distance,0.0,6.534891128540039,0.4061431288719177,True
adapted_progress_diagnostic,vip,success,153,0.8406593406593407,153,video_frame,-13.190805435180664,negative goal-embedding Euclidean distance,0.6953601837158203,7.230251312255859,0.4493597447872162,True
adapted_progress_diagnostic,vip,success,154,0.8461538461538463,154,video_frame,-12.4635591506958,negative goal-embedding Euclidean distance,0.7272462844848633,7.957497596740723,0.49455803632736206,True
adapted_progress_diagnostic,vip,success,155,0.8516483516483517,155,video_frame,-11.674439430236816,negative goal-embedding Euclidean distance,0.7891197204589844,8.746617317199707,0.5436018109321594,True
adapted_progress_diagnostic,vip,success,156,0.8571428571428572,156,video_frame,-11.061216354370117,negative goal-embedding Euclidean distance,0.6132230758666992,9.359840393066406,0.5817135572433472,True
adapted_progress_diagnostic,vip,success,157,0.8626373626373627,157,video_frame,-10.795395851135254,negative goal-embedding Euclidean distance,0.2658205032348633,9.62566089630127,0.5982342958450317,True
adapted_progress_diagnostic,vip,success,158,0.8681318681318682,158,video_frame,-10.513914108276367,negative goal-embedding Euclidean distance,0.2814817428588867,9.907142639160156,0.6157283782958984,True
adapted_progress_diagnostic,vip,success,159,0.8736263736263737,159,video_frame,-10.290997505187988,negative goal-embedding Euclidean distance,0.2229166030883789,10.130059242248535,0.6295826435089111,True
adapted_progress_diagnostic,vip,success,160,0.8791208791208792,160,video_frame,-10.298576354980469,negative goal-embedding Euclidean distance,0.0,10.130059242248535,0.6295826435089111,True
adapted_progress_diagnostic,vip,success,161,0.8846153846153847,161,video_frame,-10.318791389465332,negative goal-embedding Euclidean distance,0.0,10.130059242248535,0.6295826435089111,True
adapted_progress_diagnostic,vip,success,162,0.8901098901098902,162,video_frame,-9.853677749633789,negative goal-embedding Euclidean distance,0.4373197555541992,10.567378997802734,0.6567620635032654,True
adapted_progress_diagnostic,vip,success,163,0.8956043956043956,163,video_frame,-9.154790878295898,negative goal-embedding Euclidean distance,0.6988868713378906,11.266265869140625,0.7001978158950806,True
adapted_progress_diagnostic,vip,success,164,0.9010989010989011,164,video_frame,-8.302363395690918,negative goal-embedding Euclidean distance,0.8524274826049805,12.118693351745605,0.7531761527061462,True
adapted_progress_diagnostic,vip,success,165,0.9065934065934067,165,video_frame,-7.243823528289795,negative goal-embedding Euclidean distance,1.0585393905639648,13.17723274230957,0.8189643025398254,True
adapted_progress_diagnostic,vip,success,166,0.9120879120879122,166,video_frame,-6.205663681030273,negative goal-embedding Euclidean distance,1.0381603240966797,14.21539306640625,0.8834859132766724,True
adapted_progress_diagnostic,vip,success,167,0.9175824175824177,167,video_frame,-5.682682991027832,negative goal-embedding Euclidean distance,0.5229806900024414,14.738373756408691,0.9159891605377197,True
adapted_progress_diagnostic,vip,success,168,0.9230769230769231,168,video_frame,-5.29603910446167,negative goal-embedding Euclidean distance,0.3866434097290039,15.125017166137695,0.9400190114974976,True
adapted_progress_diagnostic,vip,success,169,0.9285714285714286,169,video_frame,-5.695688724517822,negative goal-embedding Euclidean distance,0.0,15.125017166137695,0.9400190114974976,True
adapted_progress_diagnostic,vip,success,170,0.9340659340659342,170,video_frame,-5.697791576385498,negative goal-embedding Euclidean distance,0.0,15.125017166137695,0.9400190114974976,True
adapted_progress_diagnostic,vip,success,171,0.9395604395604397,171,video_frame,-5.716402053833008,negative goal-embedding Euclidean distance,0.0,15.125017166137695,0.9400190114974976,True
adapted_progress_diagnostic,vip,success,172,0.9450549450549451,172,video_frame,-5.520833492279053,negative goal-embedding Euclidean distance,0.0,15.125017166137695,0.9400190114974976,True
adapted_progress_diagnostic,vip,success,173,0.9505494505494506,173,video_frame,-5.139045715332031,negative goal-embedding Euclidean distance,0.15699386596679688,15.282011032104492,0.9497761726379395,True
adapted_progress_diagnostic,vip,success,174,0.9560439560439561,174,video_frame,-4.709561347961426,negative goal-embedding Euclidean distance,0.42948436737060547,15.711495399475098,0.9764686226844788,True
adapted_progress_diagnostic,vip,success,175,0.9615384615384616,175,video_frame,-4.367657661437988,negative goal-embedding Euclidean distance,0.3419027328491211,16.05339813232422,0.9977178573608398,True
adapted_progress_diagnostic,vip,success,176,0.9670329670329672,176,video_frame,-4.330937385559082,negative goal-embedding Euclidean distance,0.03672027587890625,16.090118408203125,1.0,True
adapted_progress_diagnostic,vip,success,177,0.9725274725274726,177,video_frame,-4.960740089416504,negative goal-embedding Euclidean distance,0.0,16.090118408203125,1.0,True
adapted_progress_diagnostic,vip,success,178,0.9780219780219781,178,video_frame,-6.006259918212891,negative goal-embedding Euclidean distance,0.0,16.090118408203125,1.0,True
adapted_progress_diagnostic,vip,success,179,0.9835164835164836,179,video_frame,-7.333799839019775,negative goal-embedding Euclidean distance,0.0,16.090118408203125,1.0,True
adapted_progress_diagnostic,vip,success,180,0.989010989010989,180,video_frame,-8.667933464050293,negative goal-embedding Euclidean distance,0.0,16.090118408203125,1.0,True
adapted_progress_diagnostic,vip,success,181,0.9945054945054946,181,video_frame,-9.951310157775879,negative goal-embedding Euclidean distance,0.0,16.090118408203125,1.0,True
adapted_progress_diagnostic,vip,success,182,1.0,182,video_frame,-10.281505584716797,negative goal-embedding Euclidean distance,0.0,16.090118408203125,1.0,True
adapted_progress_diagnostic,vip,failure,0,0.0,0,video_frame,-20.426374435424805,negative goal-embedding Euclidean distance,0.0,0.0,0.0,True
adapted_progress_diagnostic,vip,failure,1,0.0038461538461538464,1,video_frame,-20.56310272216797,negative goal-embedding Euclidean distance,0.0,0.0,0.0,True
adapted_progress_diagnostic,vip,failure,2,0.007692307692307693,2,video_frame,-20.65509033203125,negative goal-embedding Euclidean distance,0.0,0.0,0.0,True
adapted_progress_diagnostic,vip,failure,3,0.011538461538461539,3,video_frame,-20.518186569213867,negative goal-embedding Euclidean distance,0.0,0.0,0.0,True
adapted_progress_diagnostic,vip,failure,4,0.015384615384615385,4,video_frame,-20.574453353881836,negative goal-embedding Euclidean distance,0.0,0.0,0.0,True
adapted_progress_diagnostic,vip,failure,5,0.019230769230769232,5,video_frame,-20.509977340698242,negative goal-embedding Euclidean distance,0.0,0.0,0.0,True
adapted_progress_diagnostic,vip,failure,6,0.023076923076923078,6,video_frame,-20.531450271606445,negative goal-embedding Euclidean distance,0.0,0.0,0.0,True
adapted_progress_diagnostic,vip,failure,7,0.026923076923076925,7,video_frame,-20.475101470947266,negative goal-embedding Euclidean distance,0.0,0.0,0.0,True
adapted_progress_diagnostic,vip,failure,8,0.03076923076923077,8,video_frame,-20.410438537597656,negative goal-embedding Euclidean distance,0.015935897827148438,0.015935897827148438,0.0009904152248054743,True
adapted_progress_diagnostic,vip,failure,9,0.03461538461538462,9,video_frame,-20.27073860168457,negative goal-embedding Euclidean distance,0.13969993591308594,0.15563583374023438,0.009672759100794792,True
adapted_progress_diagnostic,vip,failure,10,0.038461538461538464,10,video_frame,-20.07297134399414,negative goal-embedding Euclidean distance,0.1977672576904297,0.35340309143066406,0.02196398377418518,True
adapted_progress_diagnostic,vip,failure,11,0.04230769230769231,11,video_frame,-19.995595932006836,negative goal-embedding Euclidean distance,0.07737541198730469,0.43077850341796875,0.026772860437631607,True
adapted_progress_diagnostic,vip,failure,12,0.046153846153846156,12,video_frame,-19.891016006469727,negative goal-embedding Euclidean distance,0.10457992553710938,0.5353584289550781,0.03327249735593796,True
adapted_progress_diagnostic,vip,failure,13,0.05,13,video_frame,-19.756298065185547,negative goal-embedding Euclidean distance,0.1347179412841797,0.6700763702392578,0.04164521023631096,True
adapted_progress_diagnostic,vip,failure,14,0.05384615384615385,14,video_frame,-19.628799438476562,negative goal-embedding Euclidean distance,0.12749862670898438,0.7975749969482422,0.04956924170255661,True
adapted_progress_diagnostic,vip,failure,15,0.057692307692307696,15,video_frame,-19.44356346130371,negative goal-embedding Euclidean distance,0.18523597717285156,0.9828109741210938,0.061081647872924805,True
adapted_progress_diagnostic,vip,failure,16,0.06153846153846154,16,video_frame,-19.290485382080078,negative goal-embedding Euclidean distance,0.1530780792236328,1.1358890533447266,0.07059544324874878,True
adapted_progress_diagnostic,vip,failure,17,0.06538461538461539,17,video_frame,-19.360681533813477,negative goal-embedding Euclidean distance,0.0,1.1358890533447266,0.07059544324874878,True
adapted_progress_diagnostic,vip,failure,18,0.06923076923076923,18,video_frame,-19.407045364379883,negative goal-embedding Euclidean distance,0.0,1.1358890533447266,0.07059544324874878,True
adapted_progress_diagnostic,vip,failure,19,0.07307692307692308,19,video_frame,-19.4400577545166,negative goal-embedding Euclidean distance,0.0,1.1358890533447266,0.07059544324874878,True
adapted_progress_diagnostic,vip,failure,20,0.07692307692307693,20,video_frame,-19.330772399902344,negative goal-embedding Euclidean distance,0.0,1.1358890533447266,0.07059544324874878,True
adapted_progress_diagnostic,vip,failure,21,0.08076923076923077,21,video_frame,-19.336254119873047,negative goal-embedding Euclidean distance,0.0,1.1358890533447266,0.07059544324874878,True
adapted_progress_diagnostic,vip,failure,22,0.08461538461538462,22,video_frame,-19.3648738861084,negative goal-embedding Euclidean distance,0.0,1.1358890533447266,0.07059544324874878,True
adapted_progress_diagnostic,vip,failure,23,0.08846153846153847,23,video_frame,-19.439346313476562,negative goal-embedding Euclidean distance,0.0,1.1358890533447266,0.07059544324874878,True
adapted_progress_diagnostic,vip,failure,24,0.09230769230769231,24,video_frame,-19.71613883972168,negative goal-embedding Euclidean distance,0.0,1.1358890533447266,0.07059544324874878,True
adapted_progress_diagnostic,vip,failure,25,0.09615384615384616,25,video_frame,-19.5602970123291,negative goal-embedding Euclidean distance,0.0,1.1358890533447266,0.07059544324874878,True
adapted_progress_diagnostic,vip,failure,26,0.1,26,video_frame,-19.333093643188477,negative goal-embedding Euclidean distance,0.0,1.1358890533447266,0.07059544324874878,True
adapted_progress_diagnostic,vip,failure,27,0.10384615384615385,27,video_frame,-19.041011810302734,negative goal-embedding Euclidean distance,0.24947357177734375,1.3853626251220703,0.08610021322965622,True
adapted_progress_diagnostic,vip,failure,28,0.1076923076923077,28,video_frame,-18.949377059936523,negative goal-embedding Euclidean distance,0.09163475036621094,1.4769973754882812,0.09179531037807465,True
adapted_progress_diagnostic,vip,failure,29,0.11153846153846154,29,video_frame,-18.75981330871582,negative goal-embedding Euclidean distance,0.18956375122070312,1.6665611267089844,0.10357668250799179,True
adapted_progress_diagnostic,vip,failure,30,0.11538461538461539,30,video_frame,-18.715003967285156,negative goal-embedding Euclidean distance,0.04480934143066406,1.7113704681396484,0.10636158287525177,True
adapted_progress_diagnostic,vip,failure,31,0.11923076923076924,31,video_frame,-18.511808395385742,negative goal-embedding Euclidean distance,0.20319557189941406,1.9145660400390625,0.11899017542600632,True
adapted_progress_diagnostic,vip,failure,32,0.12307692307692308,32,video_frame,-18.5150203704834,negative goal-embedding Euclidean distance,0.0,1.9145660400390625,0.11899017542600632,True
adapted_progress_diagnostic,vip,failure,33,0.12692307692307692,33,video_frame,-18.33724021911621,negative goal-embedding Euclidean distance,0.17456817626953125,2.0891342163085938,0.12983958423137665,True
adapted_progress_diagnostic,vip,failure,34,0.13076923076923078,34,video_frame,-18.606063842773438,negative goal-embedding Euclidean distance,0.0,2.0891342163085938,0.12983958423137665,True
adapted_progress_diagnostic,vip,failure,35,0.13461538461538464,35,video_frame,-18.707157135009766,negative goal-embedding Euclidean distance,0.0,2.0891342163085938,0.12983958423137665,True
adapted_progress_diagnostic,vip,failure,36,0.13846153846153847,36,video_frame,-18.834943771362305,negative goal-embedding Euclidean distance,0.0,2.0891342163085938,0.12983958423137665,True
adapted_progress_diagnostic,vip,failure,37,0.1423076923076923,37,video_frame,-18.802465438842773,negative goal-embedding Euclidean distance,0.0,2.0891342163085938,0.12983958423137665,True
adapted_progress_diagnostic,vip,failure,38,0.14615384615384616,38,video_frame,-18.63458824157715,negative goal-embedding Euclidean distance,0.0,2.0891342163085938,0.12983958423137665,True
adapted_progress_diagnostic,vip,failure,39,0.15000000000000002,39,video_frame,-18.564193725585938,negative goal-embedding Euclidean distance,0.0,2.0891342163085938,0.12983958423137665,True
adapted_progress_diagnostic,vip,failure,40,0.15384615384615385,40,video_frame,-18.573617935180664,negative goal-embedding Euclidean distance,0.0,2.0891342163085938,0.12983958423137665,True
adapted_progress_diagnostic,vip,failure,41,0.1576923076923077,41,video_frame,-18.538393020629883,negative goal-embedding Euclidean distance,0.0,2.0891342163085938,0.12983958423137665,True
adapted_progress_diagnostic,vip,failure,42,0.16153846153846155,42,video_frame,-18.477943420410156,negative goal-embedding Euclidean distance,0.0,2.0891342163085938,0.12983958423137665,True
adapted_progress_diagnostic,vip,failure,43,0.1653846153846154,43,video_frame,-18.477783203125,negative goal-embedding Euclidean distance,0.0,2.0891342163085938,0.12983958423137665,True
adapted_progress_diagnostic,vip,failure,44,0.16923076923076924,44,video_frame,-18.25710105895996,negative goal-embedding Euclidean distance,0.08013916015625,2.1692733764648438,0.13482022285461426,True
adapted_progress_diagnostic,vip,failure,45,0.17307692307692307,45,video_frame,-18.264324188232422,negative goal-embedding Euclidean distance,0.0,2.1692733764648438,0.13482022285461426,True
adapted_progress_diagnostic,vip,failure,46,0.17692307692307693,46,video_frame,-18.3549747467041,negative goal-embedding Euclidean distance,0.0,2.1692733764648438,0.13482022285461426,True
adapted_progress_diagnostic,vip,failure,47,0.1807692307692308,47,video_frame,-18.306169509887695,negative goal-embedding Euclidean distance,0.0,2.1692733764648438,0.13482022285461426,True
adapted_progress_diagnostic,vip,failure,48,0.18461538461538463,48,video_frame,-18.177207946777344,negative goal-embedding Euclidean distance,0.07989311218261719,2.249166488647461,0.13978557288646698,True
adapted_progress_diagnostic,vip,failure,49,0.18846153846153846,49,video_frame,-18.194358825683594,negative goal-embedding Euclidean distance,0.0,2.249166488647461,0.13978557288646698,True
adapted_progress_diagnostic,vip,failure,50,0.19230769230769232,50,video_frame,-18.321338653564453,negative goal-embedding Euclidean distance,0.0,2.249166488647461,0.13978557288646698,True
adapted_progress_diagnostic,vip,failure,51,0.19615384615384618,51,video_frame,-18.294368743896484,negative goal-embedding Euclidean distance,0.0,2.249166488647461,0.13978557288646698,True
adapted_progress_diagnostic,vip,failure,52,0.2,52,video_frame,-18.369619369506836,negative goal-embedding Euclidean distance,0.0,2.249166488647461,0.13978557288646698,True
adapted_progress_diagnostic,vip,failure,53,0.20384615384615384,53,video_frame,-18.38841438293457,negative goal-embedding Euclidean distance,0.0,2.249166488647461,0.13978557288646698,True
adapted_progress_diagnostic,vip,failure,54,0.2076923076923077,54,video_frame,-18.411334991455078,negative goal-embedding Euclidean distance,0.0,2.249166488647461,0.13978557288646698,True
adapted_progress_diagnostic,vip,failure,55,0.21153846153846156,55,video_frame,-18.401874542236328,negative goal-embedding Euclidean distance,0.0,2.249166488647461,0.13978557288646698,True
adapted_progress_diagnostic,vip,failure,56,0.2153846153846154,56,video_frame,-18.456642150878906,negative goal-embedding Euclidean distance,0.0,2.249166488647461,0.13978557288646698,True
adapted_progress_diagnostic,vip,failure,57,0.21923076923076923,57,video_frame,-18.278026580810547,negative goal-embedding Euclidean distance,0.0,2.249166488647461,0.13978557288646698,True
adapted_progress_diagnostic,vip,failure,58,0.2230769230769231,58,video_frame,-18.120542526245117,negative goal-embedding Euclidean distance,0.05666542053222656,2.3058319091796875,0.14330732822418213,True
adapted_progress_diagnostic,vip,failure,59,0.22692307692307695,59,video_frame,-18.117355346679688,negative goal-embedding Euclidean distance,0.0031871795654296875,2.309019088745117,0.14350540935993195,True
adapted_progress_diagnostic,vip,failure,60,0.23076923076923078,60,video_frame,-18.04700469970703,negative goal-embedding Euclidean distance,0.07035064697265625,2.3793697357177734,0.14787770807743073,True
adapted_progress_diagnostic,vip,failure,61,0.23461538461538461,61,video_frame,-18.111087799072266,negative goal-embedding Euclidean distance,0.0,2.3793697357177734,0.14787770807743073,True
adapted_progress_diagnostic,vip,failure,62,0.23846153846153847,62,video_frame,-18.210922241210938,negative goal-embedding Euclidean distance,0.0,2.3793697357177734,0.14787770807743073,True
adapted_progress_diagnostic,vip,failure,63,0.24230769230769234,63,video_frame,-18.092870712280273,negative goal-embedding Euclidean distance,0.0,2.3793697357177734,0.14787770807743073,True
adapted_progress_diagnostic,vip,failure,64,0.24615384615384617,64,video_frame,-18.49791717529297,negative goal-embedding Euclidean distance,0.0,2.3793697357177734,0.14787770807743073,True
adapted_progress_diagnostic,vip,failure,65,0.25,65,video_frame,-18.64292335510254,negative goal-embedding Euclidean distance,0.0,2.3793697357177734,0.14787770807743073,True
adapted_progress_diagnostic,vip,failure,66,0.25384615384615383,66,video_frame,-18.47623062133789,negative goal-embedding Euclidean distance,0.0,2.3793697357177734,0.14787770807743073,True
adapted_progress_diagnostic,vip,failure,67,0.2576923076923077,67,video_frame,-18.377685546875,negative goal-embedding Euclidean distance,0.0,2.3793697357177734,0.14787770807743073,True
adapted_progress_diagnostic,vip,failure,68,0.26153846153846155,68,video_frame,-18.246599197387695,negative goal-embedding Euclidean distance,0.0,2.3793697357177734,0.14787770807743073,True
adapted_progress_diagnostic,vip,failure,69,0.2653846153846154,69,video_frame,-18.18974494934082,negative goal-embedding Euclidean distance,0.0,2.3793697357177734,0.14787770807743073,True
adapted_progress_diagnostic,vip,failure,70,0.2692307692307693,70,video_frame,-18.044517517089844,negative goal-embedding Euclidean distance,0.0024871826171875,2.381856918334961,0.1480322778224945,True
adapted_progress_diagnostic,vip,failure,71,0.2730769230769231,71,video_frame,-17.89836311340332,negative goal-embedding Euclidean distance,0.14615440368652344,2.5280113220214844,0.15711577236652374,True
adapted_progress_diagnostic,vip,failure,72,0.27692307692307694,72,video_frame,-18.018306732177734,negative goal-embedding Euclidean distance,0.0,2.5280113220214844,0.15711577236652374,True
adapted_progress_diagnostic,vip,failure,73,0.28076923076923077,73,video_frame,-18.056591033935547,negative goal-embedding Euclidean distance,0.0,2.5280113220214844,0.15711577236652374,True
adapted_progress_diagnostic,vip,failure,74,0.2846153846153846,74,video_frame,-17.92650604248047,negative goal-embedding Euclidean distance,0.0,2.5280113220214844,0.15711577236652374,True
adapted_progress_diagnostic,vip,failure,75,0.2884615384615385,75,video_frame,-17.85415267944336,negative goal-embedding Euclidean distance,0.04421043395996094,2.5722217559814453,0.1598634421825409,True
adapted_progress_diagnostic,vip,failure,76,0.2923076923076923,76,video_frame,-17.930068969726562,negative goal-embedding Euclidean distance,0.0,2.5722217559814453,0.1598634421825409,True
adapted_progress_diagnostic,vip,failure,77,0.29615384615384616,77,video_frame,-17.714868545532227,negative goal-embedding Euclidean distance,0.1392841339111328,2.711505889892578,0.16851994395256042,True
adapted_progress_diagnostic,vip,failure,78,0.30000000000000004,78,video_frame,-17.747905731201172,negative goal-embedding Euclidean distance,0.0,2.711505889892578,0.16851994395256042,True
adapted_progress_diagnostic,vip,failure,79,0.3038461538461539,79,video_frame,-18.01822853088379,negative goal-embedding Euclidean distance,0.0,2.711505889892578,0.16851994395256042,True
adapted_progress_diagnostic,vip,failure,80,0.3076923076923077,80,video_frame,-18.00716781616211,negative goal-embedding Euclidean distance,0.0,2.711505889892578,0.16851994395256042,True
adapted_progress_diagnostic,vip,failure,81,0.31153846153846154,81,video_frame,-18.112852096557617,negative goal-embedding Euclidean distance,0.0,2.711505889892578,0.16851994395256042,True
adapted_progress_diagnostic,vip,failure,82,0.3153846153846154,82,video_frame,-18.260221481323242,negative goal-embedding Euclidean distance,0.0,2.711505889892578,0.16851994395256042,True
adapted_progress_diagnostic,vip,failure,83,0.31923076923076926,83,video_frame,-18.46795082092285,negative goal-embedding Euclidean distance,0.0,2.711505889892578,0.16851994395256042,True
adapted_progress_diagnostic,vip,failure,84,0.3230769230769231,84,video_frame,-18.747282028198242,negative goal-embedding Euclidean distance,0.0,2.711505889892578,0.16851994395256042,True
adapted_progress_diagnostic,vip,failure,85,0.3269230769230769,85,video_frame,-18.829986572265625,negative goal-embedding Euclidean distance,0.0,2.711505889892578,0.16851994395256042,True
adapted_progress_diagnostic,vip,failure,86,0.3307692307692308,86,video_frame,-19.087810516357422,negative goal-embedding Euclidean distance,0.0,2.711505889892578,0.16851994395256042,True
adapted_progress_diagnostic,vip,failure,87,0.33461538461538465,87,video_frame,-19.27499008178711,negative goal-embedding Euclidean distance,0.0,2.711505889892578,0.16851994395256042,True
adapted_progress_diagnostic,vip,failure,88,0.3384615384615385,88,video_frame,-19.673551559448242,negative goal-embedding Euclidean distance,0.0,2.711505889892578,0.16851994395256042,True
adapted_progress_diagnostic,vip,failure,89,0.3423076923076923,89,video_frame,-19.750154495239258,negative goal-embedding Euclidean distance,0.0,2.711505889892578,0.16851994395256042,True
adapted_progress_diagnostic,vip,failure,90,0.34615384615384615,90,video_frame,-19.47866439819336,negative goal-embedding Euclidean distance,0.0,2.711505889892578,0.16851994395256042,True
adapted_progress_diagnostic,vip,failure,91,0.35000000000000003,91,video_frame,-19.44758415222168,negative goal-embedding Euclidean distance,0.0,2.711505889892578,0.16851994395256042,True
adapted_progress_diagnostic,vip,failure,92,0.35384615384615387,92,video_frame,-19.48110580444336,negative goal-embedding Euclidean distance,0.0,2.711505889892578,0.16851994395256042,True
adapted_progress_diagnostic,vip,failure,93,0.3576923076923077,93,video_frame,-19.785335540771484,negative goal-embedding Euclidean distance,0.0,2.711505889892578,0.16851994395256042,True
adapted_progress_diagnostic,vip,failure,94,0.3615384615384616,94,video_frame,-19.63297462463379,negative goal-embedding Euclidean distance,0.0,2.711505889892578,0.16851994395256042,True
adapted_progress_diagnostic,vip,failure,95,0.3653846153846154,95,video_frame,-19.473133087158203,negative goal-embedding Euclidean distance,0.0,2.711505889892578,0.16851994395256042,True
adapted_progress_diagnostic,vip,failure,96,0.36923076923076925,96,video_frame,-19.03937339782715,negative goal-embedding Euclidean distance,0.0,2.711505889892578,0.16851994395256042,True
adapted_progress_diagnostic,vip,failure,97,0.3730769230769231,97,video_frame,-19.391529083251953,negative goal-embedding Euclidean distance,0.0,2.711505889892578,0.16851994395256042,True
adapted_progress_diagnostic,vip,failure,98,0.3769230769230769,98,video_frame,-19.705982208251953,negative goal-embedding Euclidean distance,0.0,2.711505889892578,0.16851994395256042,True
adapted_progress_diagnostic,vip,failure,99,0.3807692307692308,99,video_frame,-19.550851821899414,negative goal-embedding Euclidean distance,0.0,2.711505889892578,0.16851994395256042,True
adapted_progress_diagnostic,vip,failure,100,0.38461538461538464,100,video_frame,-19.53476905822754,negative goal-embedding Euclidean distance,0.0,2.711505889892578,0.16851994395256042,True
adapted_progress_diagnostic,vip,failure,101,0.38846153846153847,101,video_frame,-19.819072723388672,negative goal-embedding Euclidean distance,0.0,2.711505889892578,0.16851994395256042,True
adapted_progress_diagnostic,vip,failure,102,0.39230769230769236,102,video_frame,-19.735637664794922,negative goal-embedding Euclidean distance,0.0,2.711505889892578,0.16851994395256042,True
adapted_progress_diagnostic,vip,failure,103,0.3961538461538462,103,video_frame,-19.445831298828125,negative goal-embedding Euclidean distance,0.0,2.711505889892578,0.16851994395256042,True
adapted_progress_diagnostic,vip,failure,104,0.4,104,video_frame,-18.931535720825195,negative goal-embedding Euclidean distance,0.0,2.711505889892578,0.16851994395256042,True
adapted_progress_diagnostic,vip,failure,105,0.40384615384615385,105,video_frame,-18.88002586364746,negative goal-embedding Euclidean distance,0.0,2.711505889892578,0.16851994395256042,True
adapted_progress_diagnostic,vip,failure,106,0.4076923076923077,106,video_frame,-18.599292755126953,negative goal-embedding Euclidean distance,0.0,2.711505889892578,0.16851994395256042,True
adapted_progress_diagnostic,vip,failure,107,0.4115384615384616,107,video_frame,-18.369611740112305,negative goal-embedding Euclidean distance,0.0,2.711505889892578,0.16851994395256042,True
adapted_progress_diagnostic,vip,failure,108,0.4153846153846154,108,video_frame,-18.26820945739746,negative goal-embedding Euclidean distance,0.0,2.711505889892578,0.16851994395256042,True
adapted_progress_diagnostic,vip,failure,109,0.41923076923076924,109,video_frame,-18.26337242126465,negative goal-embedding Euclidean distance,0.0,2.711505889892578,0.16851994395256042,True
adapted_progress_diagnostic,vip,failure,110,0.42307692307692313,110,video_frame,-18.246295928955078,negative goal-embedding Euclidean distance,0.0,2.711505889892578,0.16851994395256042,True
adapted_progress_diagnostic,vip,failure,111,0.42692307692307696,111,video_frame,-18.363557815551758,negative goal-embedding Euclidean distance,0.0,2.711505889892578,0.16851994395256042,True
adapted_progress_diagnostic,vip,failure,112,0.4307692307692308,112,video_frame,-18.254655838012695,negative goal-embedding Euclidean distance,0.0,2.711505889892578,0.16851994395256042,True
adapted_progress_diagnostic,vip,failure,113,0.4346153846153846,113,video_frame,-18.234840393066406,negative goal-embedding Euclidean distance,0.0,2.711505889892578,0.16851994395256042,True
adapted_progress_diagnostic,vip,failure,114,0.43846153846153846,114,video_frame,-18.199872970581055,negative goal-embedding Euclidean distance,0.0,2.711505889892578,0.16851994395256042,True
adapted_progress_diagnostic,vip,failure,115,0.44230769230769235,115,video_frame,-18.179218292236328,negative goal-embedding Euclidean distance,0.0,2.711505889892578,0.16851994395256042,True
adapted_progress_diagnostic,vip,failure,116,0.4461538461538462,116,video_frame,-17.973356246948242,negative goal-embedding Euclidean distance,0.0,2.711505889892578,0.16851994395256042,True
adapted_progress_diagnostic,vip,failure,117,0.45,117,video_frame,-17.98431396484375,negative goal-embedding Euclidean distance,0.0,2.711505889892578,0.16851994395256042,True
adapted_progress_diagnostic,vip,failure,118,0.4538461538461539,118,video_frame,-17.966455459594727,negative goal-embedding Euclidean distance,0.0,2.711505889892578,0.16851994395256042,True
adapted_progress_diagnostic,vip,failure,119,0.45769230769230773,119,video_frame,-17.882272720336914,negative goal-embedding Euclidean distance,0.0,2.711505889892578,0.16851994395256042,True
adapted_progress_diagnostic,vip,failure,120,0.46153846153846156,120,video_frame,-17.655088424682617,negative goal-embedding Euclidean distance,0.059780120849609375,2.7712860107421875,0.17223528027534485,True
adapted_progress_diagnostic,vip,failure,121,0.4653846153846154,121,video_frame,-17.6541690826416,negative goal-embedding Euclidean distance,0.000919342041015625,2.772205352783203,0.17229241132736206,True
adapted_progress_diagnostic,vip,failure,122,0.46923076923076923,122,video_frame,-17.886117935180664,negative goal-embedding Euclidean distance,0.0,2.772205352783203,0.17229241132736206,True
adapted_progress_diagnostic,vip,failure,123,0.4730769230769231,123,video_frame,-17.95256233215332,negative goal-embedding Euclidean distance,0.0,2.772205352783203,0.17229241132736206,True
adapted_progress_diagnostic,vip,failure,124,0.47692307692307695,124,video_frame,-17.784664154052734,negative goal-embedding Euclidean distance,0.0,2.772205352783203,0.17229241132736206,True
adapted_progress_diagnostic,vip,failure,125,0.4807692307692308,125,video_frame,-17.770780563354492,negative goal-embedding Euclidean distance,0.0,2.772205352783203,0.17229241132736206,True
adapted_progress_diagnostic,vip,failure,126,0.48461538461538467,126,video_frame,-17.75783348083496,negative goal-embedding Euclidean distance,0.0,2.772205352783203,0.17229241132736206,True
adapted_progress_diagnostic,vip,failure,127,0.4884615384615385,127,video_frame,-17.645349502563477,negative goal-embedding Euclidean distance,0.008819580078125,2.781024932861328,0.17284055054187775,True
adapted_progress_diagnostic,vip,failure,128,0.49230769230769234,128,video_frame,-17.453136444091797,negative goal-embedding Euclidean distance,0.1922130584716797,2.973237991333008,0.1847865879535675,True
adapted_progress_diagnostic,vip,failure,129,0.49615384615384617,129,video_frame,-17.330781936645508,negative goal-embedding Euclidean distance,0.12235450744628906,3.095592498779297,0.19239090383052826,True
adapted_progress_diagnostic,vip,failure,130,0.5,130,video_frame,-17.374170303344727,negative goal-embedding Euclidean distance,0.0,3.095592498779297,0.19239090383052826,True
adapted_progress_diagnostic,vip,failure,131,0.5038461538461538,131,video_frame,-17.368408203125,negative goal-embedding Euclidean distance,0.0,3.095592498779297,0.19239090383052826,True
adapted_progress_diagnostic,vip,failure,132,0.5076923076923077,132,video_frame,-17.393535614013672,negative goal-embedding Euclidean distance,0.0,3.095592498779297,0.19239090383052826,True
adapted_progress_diagnostic,vip,failure,133,0.5115384615384616,133,video_frame,-17.39482307434082,negative goal-embedding Euclidean distance,0.0,3.095592498779297,0.19239090383052826,True
adapted_progress_diagnostic,vip,failure,134,0.5153846153846154,134,video_frame,-17.536304473876953,negative goal-embedding Euclidean distance,0.0,3.095592498779297,0.19239090383052826,True
adapted_progress_diagnostic,vip,failure,135,0.5192307692307693,135,video_frame,-17.65481948852539,negative goal-embedding Euclidean distance,0.0,3.095592498779297,0.19239090383052826,True
adapted_progress_diagnostic,vip,failure,136,0.5230769230769231,136,video_frame,-17.65376091003418,negative goal-embedding Euclidean distance,0.0,3.095592498779297,0.19239090383052826,True
adapted_progress_diagnostic,vip,failure,137,0.5269230769230769,137,video_frame,-17.593000411987305,negative goal-embedding Euclidean distance,0.0,3.095592498779297,0.19239090383052826,True
adapted_progress_diagnostic,vip,failure,138,0.5307692307692308,138,video_frame,-17.5521297454834,negative goal-embedding Euclidean distance,0.0,3.095592498779297,0.19239090383052826,True
adapted_progress_diagnostic,vip,failure,139,0.5346153846153846,139,video_frame,-17.43230628967285,negative goal-embedding Euclidean distance,0.0,3.095592498779297,0.19239090383052826,True
adapted_progress_diagnostic,vip,failure,140,0.5384615384615385,140,video_frame,-17.306161880493164,negative goal-embedding Euclidean distance,0.02462005615234375,3.1202125549316406,0.1939210444688797,True
adapted_progress_diagnostic,vip,failure,141,0.5423076923076924,141,video_frame,-17.384836196899414,negative goal-embedding Euclidean distance,0.0,3.1202125549316406,0.1939210444688797,True
adapted_progress_diagnostic,vip,failure,142,0.5461538461538462,142,video_frame,-17.375520706176758,negative goal-embedding Euclidean distance,0.0,3.1202125549316406,0.1939210444688797,True
adapted_progress_diagnostic,vip,failure,143,0.55,143,video_frame,-17.534210205078125,negative goal-embedding Euclidean distance,0.0,3.1202125549316406,0.1939210444688797,True
adapted_progress_diagnostic,vip,failure,144,0.5538461538461539,144,video_frame,-17.485383987426758,negative goal-embedding Euclidean distance,0.0,3.1202125549316406,0.1939210444688797,True
adapted_progress_diagnostic,vip,failure,145,0.5576923076923077,145,video_frame,-17.49138832092285,negative goal-embedding Euclidean distance,0.0,3.1202125549316406,0.1939210444688797,True
adapted_progress_diagnostic,vip,failure,146,0.5615384615384615,146,video_frame,-17.264795303344727,negative goal-embedding Euclidean distance,0.0413665771484375,3.161579132080078,0.19649197161197662,True
adapted_progress_diagnostic,vip,failure,147,0.5653846153846154,147,video_frame,-17.032075881958008,negative goal-embedding Euclidean distance,0.23271942138671875,3.394298553466797,0.21095547080039978,True
adapted_progress_diagnostic,vip,failure,148,0.5692307692307692,148,video_frame,-16.940649032592773,negative goal-embedding Euclidean distance,0.09142684936523438,3.4857254028320312,0.21663764119148254,True
adapted_progress_diagnostic,vip,failure,149,0.5730769230769232,149,video_frame,-16.87738800048828,negative goal-embedding Euclidean distance,0.06326103210449219,3.5489864349365234,0.22056931257247925,True
adapted_progress_diagnostic,vip,failure,150,0.576923076923077,150,video_frame,-16.788684844970703,negative goal-embedding Euclidean distance,0.08870315551757812,3.6376895904541016,0.2260822206735611,True
adapted_progress_diagnostic,vip,failure,151,0.5807692307692308,151,video_frame,-16.720212936401367,negative goal-embedding Euclidean distance,0.06847190856933594,3.7061614990234375,0.2303377389907837,True
adapted_progress_diagnostic,vip,failure,152,0.5846153846153846,152,video_frame,-16.49513816833496,negative goal-embedding Euclidean distance,0.22507476806640625,3.9312362670898438,0.2443261295557022,True
adapted_progress_diagnostic,vip,failure,153,0.5884615384615385,153,video_frame,-16.47268295288086,negative goal-embedding Euclidean distance,0.022455215454101562,3.9536914825439453,0.2457217127084732,True
adapted_progress_diagnostic,vip,failure,154,0.5923076923076923,154,video_frame,-16.796504974365234,negative goal-embedding Euclidean distance,0.0,3.9536914825439453,0.2457217127084732,True
adapted_progress_diagnostic,vip,failure,155,0.5961538461538461,155,video_frame,-16.789043426513672,negative goal-embedding Euclidean distance,0.0,3.9536914825439453,0.2457217127084732,True
adapted_progress_diagnostic,vip,failure,156,0.6000000000000001,156,video_frame,-16.928537368774414,negative goal-embedding Euclidean distance,0.0,3.9536914825439453,0.2457217127084732,True
adapted_progress_diagnostic,vip,failure,157,0.6038461538461539,157,video_frame,-16.972837448120117,negative goal-embedding Euclidean distance,0.0,3.9536914825439453,0.2457217127084732,True
adapted_progress_diagnostic,vip,failure,158,0.6076923076923078,158,video_frame,-16.958654403686523,negative goal-embedding Euclidean distance,0.0,3.9536914825439453,0.2457217127084732,True
adapted_progress_diagnostic,vip,failure,159,0.6115384615384616,159,video_frame,-17.0837459564209,negative goal-embedding Euclidean distance,0.0,3.9536914825439453,0.2457217127084732,True
adapted_progress_diagnostic,vip,failure,160,0.6153846153846154,160,video_frame,-17.285512924194336,negative goal-embedding Euclidean distance,0.0,3.9536914825439453,0.2457217127084732,True
adapted_progress_diagnostic,vip,failure,161,0.6192307692307693,161,video_frame,-17.308849334716797,negative goal-embedding Euclidean distance,0.0,3.9536914825439453,0.2457217127084732,True
adapted_progress_diagnostic,vip,failure,162,0.6230769230769231,162,video_frame,-17.368749618530273,negative goal-embedding Euclidean distance,0.0,3.9536914825439453,0.2457217127084732,True
adapted_progress_diagnostic,vip,failure,163,0.6269230769230769,163,video_frame,-17.3593692779541,negative goal-embedding Euclidean distance,0.0,3.9536914825439453,0.2457217127084732,True
adapted_progress_diagnostic,vip,failure,164,0.6307692307692307,164,video_frame,-17.514995574951172,negative goal-embedding Euclidean distance,0.0,3.9536914825439453,0.2457217127084732,True
adapted_progress_diagnostic,vip,failure,165,0.6346153846153847,165,video_frame,-17.357494354248047,negative goal-embedding Euclidean distance,0.0,3.9536914825439453,0.2457217127084732,True
adapted_progress_diagnostic,vip,failure,166,0.6384615384615385,166,video_frame,-17.335662841796875,negative goal-embedding Euclidean distance,0.0,3.9536914825439453,0.2457217127084732,True
adapted_progress_diagnostic,vip,failure,167,0.6423076923076924,167,video_frame,-17.336881637573242,negative goal-embedding Euclidean distance,0.0,3.9536914825439453,0.2457217127084732,True
adapted_progress_diagnostic,vip,failure,168,0.6461538461538462,168,video_frame,-17.411527633666992,negative goal-embedding Euclidean distance,0.0,3.9536914825439453,0.2457217127084732,True
adapted_progress_diagnostic,vip,failure,169,0.65,169,video_frame,-17.24683952331543,negative goal-embedding Euclidean distance,0.0,3.9536914825439453,0.2457217127084732,True
adapted_progress_diagnostic,vip,failure,170,0.6538461538461539,170,video_frame,-17.24852180480957,negative goal-embedding Euclidean distance,0.0,3.9536914825439453,0.2457217127084732,True
adapted_progress_diagnostic,vip,failure,171,0.6576923076923077,171,video_frame,-17.228652954101562,negative goal-embedding Euclidean distance,0.0,3.9536914825439453,0.2457217127084732,True
adapted_progress_diagnostic,vip,failure,172,0.6615384615384616,172,video_frame,-17.20330047607422,negative goal-embedding Euclidean distance,0.0,3.9536914825439453,0.2457217127084732,True
adapted_progress_diagnostic,vip,failure,173,0.6653846153846155,173,video_frame,-17.293193817138672,negative goal-embedding Euclidean distance,0.0,3.9536914825439453,0.2457217127084732,True
adapted_progress_diagnostic,vip,failure,174,0.6692307692307693,174,video_frame,-17.329456329345703,negative goal-embedding Euclidean distance,0.0,3.9536914825439453,0.2457217127084732,True
adapted_progress_diagnostic,vip,failure,175,0.6730769230769231,175,video_frame,-17.187698364257812,negative goal-embedding Euclidean distance,0.0,3.9536914825439453,0.2457217127084732,True
adapted_progress_diagnostic,vip,failure,176,0.676923076923077,176,video_frame,-17.132532119750977,negative goal-embedding Euclidean distance,0.0,3.9536914825439453,0.2457217127084732,True
adapted_progress_diagnostic,vip,failure,177,0.6807692307692308,177,video_frame,-17.095970153808594,negative goal-embedding Euclidean distance,0.0,3.9536914825439453,0.2457217127084732,True
adapted_progress_diagnostic,vip,failure,178,0.6846153846153846,178,video_frame,-17.084808349609375,negative goal-embedding Euclidean distance,0.0,3.9536914825439453,0.2457217127084732,True
adapted_progress_diagnostic,vip,failure,179,0.6884615384615385,179,video_frame,-16.919870376586914,negative goal-embedding Euclidean distance,0.0,3.9536914825439453,0.2457217127084732,True
adapted_progress_diagnostic,vip,failure,180,0.6923076923076923,180,video_frame,-16.81292724609375,negative goal-embedding Euclidean distance,0.0,3.9536914825439453,0.2457217127084732,True
adapted_progress_diagnostic,vip,failure,181,0.6961538461538462,181,video_frame,-16.729894638061523,negative goal-embedding Euclidean distance,0.0,3.9536914825439453,0.2457217127084732,True
adapted_progress_diagnostic,vip,failure,182,0.7000000000000001,182,video_frame,-16.796659469604492,negative goal-embedding Euclidean distance,0.0,3.9536914825439453,0.2457217127084732,True
adapted_progress_diagnostic,vip,failure,183,0.7038461538461539,183,video_frame,-16.893871307373047,negative goal-embedding Euclidean distance,0.0,3.9536914825439453,0.2457217127084732,True
adapted_progress_diagnostic,vip,failure,184,0.7076923076923077,184,video_frame,-17.036020278930664,negative goal-embedding Euclidean distance,0.0,3.9536914825439453,0.2457217127084732,True
adapted_progress_diagnostic,vip,failure,185,0.7115384615384616,185,video_frame,-17.093961715698242,negative goal-embedding Euclidean distance,0.0,3.9536914825439453,0.2457217127084732,True
adapted_progress_diagnostic,vip,failure,186,0.7153846153846154,186,video_frame,-17.15533447265625,negative goal-embedding Euclidean distance,0.0,3.9536914825439453,0.2457217127084732,True
adapted_progress_diagnostic,vip,failure,187,0.7192307692307692,187,video_frame,-17.078750610351562,negative goal-embedding Euclidean distance,0.0,3.9536914825439453,0.2457217127084732,True
adapted_progress_diagnostic,vip,failure,188,0.7230769230769232,188,video_frame,-17.20527458190918,negative goal-embedding Euclidean distance,0.0,3.9536914825439453,0.2457217127084732,True
adapted_progress_diagnostic,vip,failure,189,0.726923076923077,189,video_frame,-17.147462844848633,negative goal-embedding Euclidean distance,0.0,3.9536914825439453,0.2457217127084732,True
adapted_progress_diagnostic,vip,failure,190,0.7307692307692308,190,video_frame,-17.26900291442871,negative goal-embedding Euclidean distance,0.0,3.9536914825439453,0.2457217127084732,True
adapted_progress_diagnostic,vip,failure,191,0.7346153846153847,191,video_frame,-17.17424201965332,negative goal-embedding Euclidean distance,0.0,3.9536914825439453,0.2457217127084732,True
adapted_progress_diagnostic,vip,failure,192,0.7384615384615385,192,video_frame,-17.444747924804688,negative goal-embedding Euclidean distance,0.0,3.9536914825439453,0.2457217127084732,True
adapted_progress_diagnostic,vip,failure,193,0.7423076923076923,193,video_frame,-17.280784606933594,negative goal-embedding Euclidean distance,0.0,3.9536914825439453,0.2457217127084732,True
adapted_progress_diagnostic,vip,failure,194,0.7461538461538462,194,video_frame,-17.279451370239258,negative goal-embedding Euclidean distance,0.0,3.9536914825439453,0.2457217127084732,True
adapted_progress_diagnostic,vip,failure,195,0.75,195,video_frame,-17.30699348449707,negative goal-embedding Euclidean distance,0.0,3.9536914825439453,0.2457217127084732,True
adapted_progress_diagnostic,vip,failure,196,0.7538461538461538,196,video_frame,-17.330406188964844,negative goal-embedding Euclidean distance,0.0,3.9536914825439453,0.2457217127084732,True
adapted_progress_diagnostic,vip,failure,197,0.7576923076923078,197,video_frame,-17.25926399230957,negative goal-embedding Euclidean distance,0.0,3.9536914825439453,0.2457217127084732,True
adapted_progress_diagnostic,vip,failure,198,0.7615384615384616,198,video_frame,-17.171842575073242,negative goal-embedding Euclidean distance,0.0,3.9536914825439453,0.2457217127084732,True
adapted_progress_diagnostic,vip,failure,199,0.7653846153846154,199,video_frame,-17.126380920410156,negative goal-embedding Euclidean distance,0.0,3.9536914825439453,0.2457217127084732,True
adapted_progress_diagnostic,vip,failure,200,0.7692307692307693,200,video_frame,-17.212627410888672,negative goal-embedding Euclidean distance,0.0,3.9536914825439453,0.2457217127084732,True
adapted_progress_diagnostic,vip,failure,201,0.7730769230769231,201,video_frame,-17.13104248046875,negative goal-embedding Euclidean distance,0.0,3.9536914825439453,0.2457217127084732,True
adapted_progress_diagnostic,vip,failure,202,0.7769230769230769,202,video_frame,-17.26345443725586,negative goal-embedding Euclidean distance,0.0,3.9536914825439453,0.2457217127084732,True
adapted_progress_diagnostic,vip,failure,203,0.7807692307692308,203,video_frame,-17.138629913330078,negative goal-embedding Euclidean distance,0.0,3.9536914825439453,0.2457217127084732,True
adapted_progress_diagnostic,vip,failure,204,0.7846153846153847,204,video_frame,-17.103443145751953,negative goal-embedding Euclidean distance,0.0,3.9536914825439453,0.2457217127084732,True
adapted_progress_diagnostic,vip,failure,205,0.7884615384615385,205,video_frame,-17.128694534301758,negative goal-embedding Euclidean distance,0.0,3.9536914825439453,0.2457217127084732,True
adapted_progress_diagnostic,vip,failure,206,0.7923076923076924,206,video_frame,-17.042564392089844,negative goal-embedding Euclidean distance,0.0,3.9536914825439453,0.2457217127084732,True
adapted_progress_diagnostic,vip,failure,207,0.7961538461538462,207,video_frame,-16.868942260742188,negative goal-embedding Euclidean distance,0.0,3.9536914825439453,0.2457217127084732,True
adapted_progress_diagnostic,vip,failure,208,0.8,208,video_frame,-16.755979537963867,negative goal-embedding Euclidean distance,0.0,3.9536914825439453,0.2457217127084732,True
adapted_progress_diagnostic,vip,failure,209,0.8038461538461539,209,video_frame,-16.704620361328125,negative goal-embedding Euclidean distance,0.0,3.9536914825439453,0.2457217127084732,True
adapted_progress_diagnostic,vip,failure,210,0.8076923076923077,210,video_frame,-16.733800888061523,negative goal-embedding Euclidean distance,0.0,3.9536914825439453,0.2457217127084732,True
adapted_progress_diagnostic,vip,failure,211,0.8115384615384615,211,video_frame,-16.901615142822266,negative goal-embedding Euclidean distance,0.0,3.9536914825439453,0.2457217127084732,True
adapted_progress_diagnostic,vip,failure,212,0.8153846153846154,212,video_frame,-16.974586486816406,negative goal-embedding Euclidean distance,0.0,3.9536914825439453,0.2457217127084732,True
adapted_progress_diagnostic,vip,failure,213,0.8192307692307693,213,video_frame,-17.147274017333984,negative goal-embedding Euclidean distance,0.0,3.9536914825439453,0.2457217127084732,True
adapted_progress_diagnostic,vip,failure,214,0.8230769230769232,214,video_frame,-17.225753784179688,negative goal-embedding Euclidean distance,0.0,3.9536914825439453,0.2457217127084732,True
adapted_progress_diagnostic,vip,failure,215,0.826923076923077,215,video_frame,-17.259342193603516,negative goal-embedding Euclidean distance,0.0,3.9536914825439453,0.2457217127084732,True
adapted_progress_diagnostic,vip,failure,216,0.8307692307692308,216,video_frame,-17.203657150268555,negative goal-embedding Euclidean distance,0.0,3.9536914825439453,0.2457217127084732,True
adapted_progress_diagnostic,vip,failure,217,0.8346153846153846,217,video_frame,-17.162517547607422,negative goal-embedding Euclidean distance,0.0,3.9536914825439453,0.2457217127084732,True
adapted_progress_diagnostic,vip,failure,218,0.8384615384615385,218,video_frame,-17.08885955810547,negative goal-embedding Euclidean distance,0.0,3.9536914825439453,0.2457217127084732,True
adapted_progress_diagnostic,vip,failure,219,0.8423076923076923,219,video_frame,-17.14419174194336,negative goal-embedding Euclidean distance,0.0,3.9536914825439453,0.2457217127084732,True
adapted_progress_diagnostic,vip,failure,220,0.8461538461538463,220,video_frame,-17.33859634399414,negative goal-embedding Euclidean distance,0.0,3.9536914825439453,0.2457217127084732,True
adapted_progress_diagnostic,vip,failure,221,0.8500000000000001,221,video_frame,-17.429332733154297,negative goal-embedding Euclidean distance,0.0,3.9536914825439453,0.2457217127084732,True
adapted_progress_diagnostic,vip,failure,222,0.8538461538461539,222,video_frame,-17.71800994873047,negative goal-embedding Euclidean distance,0.0,3.9536914825439453,0.2457217127084732,True
adapted_progress_diagnostic,vip,failure,223,0.8576923076923078,223,video_frame,-17.67976951599121,negative goal-embedding Euclidean distance,0.0,3.9536914825439453,0.2457217127084732,True
adapted_progress_diagnostic,vip,failure,224,0.8615384615384616,224,video_frame,-17.823610305786133,negative goal-embedding Euclidean distance,0.0,3.9536914825439453,0.2457217127084732,True
adapted_progress_diagnostic,vip,failure,225,0.8653846153846154,225,video_frame,-17.619190216064453,negative goal-embedding Euclidean distance,0.0,3.9536914825439453,0.2457217127084732,True
adapted_progress_diagnostic,vip,failure,226,0.8692307692307693,226,video_frame,-17.629343032836914,negative goal-embedding Euclidean distance,0.0,3.9536914825439453,0.2457217127084732,True
adapted_progress_diagnostic,vip,failure,227,0.8730769230769231,227,video_frame,-17.427797317504883,negative goal-embedding Euclidean distance,0.0,3.9536914825439453,0.2457217127084732,True
adapted_progress_diagnostic,vip,failure,228,0.8769230769230769,228,video_frame,-17.48712921142578,negative goal-embedding Euclidean distance,0.0,3.9536914825439453,0.2457217127084732,True
adapted_progress_diagnostic,vip,failure,229,0.8807692307692309,229,video_frame,-17.34188461303711,negative goal-embedding Euclidean distance,0.0,3.9536914825439453,0.2457217127084732,True
adapted_progress_diagnostic,vip,failure,230,0.8846153846153847,230,video_frame,-17.331729888916016,negative goal-embedding Euclidean distance,0.0,3.9536914825439453,0.2457217127084732,True
adapted_progress_diagnostic,vip,failure,231,0.8884615384615385,231,video_frame,-17.325998306274414,negative goal-embedding Euclidean distance,0.0,3.9536914825439453,0.2457217127084732,True
adapted_progress_diagnostic,vip,failure,232,0.8923076923076924,232,video_frame,-17.341150283813477,negative goal-embedding Euclidean distance,0.0,3.9536914825439453,0.2457217127084732,True
adapted_progress_diagnostic,vip,failure,233,0.8961538461538462,233,video_frame,-17.29480743408203,negative goal-embedding Euclidean distance,0.0,3.9536914825439453,0.2457217127084732,True
adapted_progress_diagnostic,vip,failure,234,0.9,234,video_frame,-17.21345329284668,negative goal-embedding Euclidean distance,0.0,3.9536914825439453,0.2457217127084732,True
adapted_progress_diagnostic,vip,failure,235,0.9038461538461539,235,video_frame,-17.181737899780273,negative goal-embedding Euclidean distance,0.0,3.9536914825439453,0.2457217127084732,True
adapted_progress_diagnostic,vip,failure,236,0.9076923076923078,236,video_frame,-17.216190338134766,negative goal-embedding Euclidean distance,0.0,3.9536914825439453,0.2457217127084732,True
adapted_progress_diagnostic,vip,failure,237,0.9115384615384616,237,video_frame,-17.174482345581055,negative goal-embedding Euclidean distance,0.0,3.9536914825439453,0.2457217127084732,True
adapted_progress_diagnostic,vip,failure,238,0.9153846153846155,238,video_frame,-17.25923728942871,negative goal-embedding Euclidean distance,0.0,3.9536914825439453,0.2457217127084732,True
adapted_progress_diagnostic,vip,failure,239,0.9192307692307693,239,video_frame,-17.114917755126953,negative goal-embedding Euclidean distance,0.0,3.9536914825439453,0.2457217127084732,True
adapted_progress_diagnostic,vip,failure,240,0.9230769230769231,240,video_frame,-17.113733291625977,negative goal-embedding Euclidean distance,0.0,3.9536914825439453,0.2457217127084732,True
adapted_progress_diagnostic,vip,failure,241,0.926923076923077,241,video_frame,-17.063318252563477,negative goal-embedding Euclidean distance,0.0,3.9536914825439453,0.2457217127084732,True
adapted_progress_diagnostic,vip,failure,242,0.9307692307692308,242,video_frame,-16.989410400390625,negative goal-embedding Euclidean distance,0.0,3.9536914825439453,0.2457217127084732,True
adapted_progress_diagnostic,vip,failure,243,0.9346153846153846,243,video_frame,-16.80816078186035,negative goal-embedding Euclidean distance,0.0,3.9536914825439453,0.2457217127084732,True
adapted_progress_diagnostic,vip,failure,244,0.9384615384615385,244,video_frame,-16.693639755249023,negative goal-embedding Euclidean distance,0.0,3.9536914825439453,0.2457217127084732,True
adapted_progress_diagnostic,vip,failure,245,0.9423076923076924,245,video_frame,-16.538921356201172,negative goal-embedding Euclidean distance,0.0,3.9536914825439453,0.2457217127084732,True
adapted_progress_diagnostic,vip,failure,246,0.9461538461538462,246,video_frame,-16.673057556152344,negative goal-embedding Euclidean distance,0.0,3.9536914825439453,0.2457217127084732,True
adapted_progress_diagnostic,vip,failure,247,0.9500000000000001,247,video_frame,-16.766233444213867,negative goal-embedding Euclidean distance,0.0,3.9536914825439453,0.2457217127084732,True
adapted_progress_diagnostic,vip,failure,248,0.9538461538461539,248,video_frame,-16.899036407470703,negative goal-embedding Euclidean distance,0.0,3.9536914825439453,0.2457217127084732,True
adapted_progress_diagnostic,vip,failure,249,0.9576923076923077,249,video_frame,-17.178897857666016,negative goal-embedding Euclidean distance,0.0,3.9536914825439453,0.2457217127084732,True
adapted_progress_diagnostic,vip,failure,250,0.9615384615384616,250,video_frame,-17.073999404907227,negative goal-embedding Euclidean distance,0.0,3.9536914825439453,0.2457217127084732,True
adapted_progress_diagnostic,vip,failure,251,0.9653846153846154,251,video_frame,-17.09395980834961,negative goal-embedding Euclidean distance,0.0,3.9536914825439453,0.2457217127084732,True
adapted_progress_diagnostic,vip,failure,252,0.9692307692307693,252,video_frame,-17.169540405273438,negative goal-embedding Euclidean distance,0.0,3.9536914825439453,0.2457217127084732,True
adapted_progress_diagnostic,vip,failure,253,0.9730769230769232,253,video_frame,-17.048343658447266,negative goal-embedding Euclidean distance,0.0,3.9536914825439453,0.2457217127084732,True
adapted_progress_diagnostic,vip,failure,254,0.976923076923077,254,video_frame,-17.16476821899414,negative goal-embedding Euclidean distance,0.0,3.9536914825439453,0.2457217127084732,True
adapted_progress_diagnostic,vip,failure,255,0.9807692307692308,255,video_frame,-17.172691345214844,negative goal-embedding Euclidean distance,0.0,3.9536914825439453,0.2457217127084732,True
adapted_progress_diagnostic,vip,failure,256,0.9846153846153847,256,video_frame,-17.252775192260742,negative goal-embedding Euclidean distance,0.0,3.9536914825439453,0.2457217127084732,True
adapted_progress_diagnostic,vip,failure,257,0.9884615384615385,257,video_frame,-17.17620849609375,negative goal-embedding Euclidean distance,0.0,3.9536914825439453,0.2457217127084732,True
adapted_progress_diagnostic,vip,failure,258,0.9923076923076923,258,video_frame,-17.142393112182617,negative goal-embedding Euclidean distance,0.0,3.9536914825439453,0.2457217127084732,True
adapted_progress_diagnostic,vip,failure,259,0.9961538461538462,259,video_frame,-17.171855926513672,negative goal-embedding Euclidean distance,0.0,3.9536914825439453,0.2457217127084732,True
adapted_progress_diagnostic,vip,failure,260,1.0,260,video_frame,-17.174026489257812,negative goal-embedding Euclidean distance,0.0,3.9536914825439453,0.2457217127084732,True
adapted_progress_diagnostic,robometer,success,0,0.0,0,video_frame,0.0006043999455869198,absolute predicted progress,0.0,0.0,0.0,True
adapted_progress_diagnostic,robometer,success,1,0.14285714285714285,26,video_frame,0.11119557917118073,absolute predicted progress,0.11059118062257767,0.11059118062257767,0.5383582711219788,True
adapted_progress_diagnostic,robometer,success,2,0.2857142857142857,52,video_frame,0.009853378869593143,absolute predicted progress,0.0,0.11059118062257767,0.5383582711219788,True
adapted_progress_diagnostic,robometer,success,3,0.42857142857142855,78,video_frame,0.009204504080116749,absolute predicted progress,0.0,0.11059118062257767,0.5383582711219788,True
adapted_progress_diagnostic,robometer,success,4,0.5714285714285714,104,video_frame,0.019516058266162872,absolute predicted progress,0.0,0.11059118062257767,0.5383582711219788,True
adapted_progress_diagnostic,robometer,success,5,0.7142857142857142,130,video_frame,0.023923948407173157,absolute predicted progress,0.0,0.11059118062257767,0.5383582711219788,True
adapted_progress_diagnostic,robometer,success,6,0.8571428571428571,156,video_frame,0.01059100404381752,absolute predicted progress,0.0,0.11059118062257767,0.5383582711219788,True
adapted_progress_diagnostic,robometer,success,7,1.0,182,video_frame,0.20602741837501526,absolute predicted progress,0.09483183175325394,0.2054230123758316,1.0,True
adapted_progress_diagnostic,robometer,failure,0,0.0,0,video_frame,0.0006310855969786644,absolute predicted progress,0.0,0.0,0.0,True
adapted_progress_diagnostic,robometer,failure,1,0.14285714285714285,37,video_frame,0.12990997731685638,absolute predicted progress,0.12927889823913574,0.12927889823913574,0.6293301582336426,True
adapted_progress_diagnostic,robometer,failure,2,0.2857142857142857,74,video_frame,0.005090645514428616,absolute predicted progress,0.0,0.12927889823913574,0.6293301582336426,True
adapted_progress_diagnostic,robometer,failure,3,0.42857142857142855,111,video_frame,0.002585766837000847,absolute predicted progress,0.0,0.12927889823913574,0.6293301582336426,True
adapted_progress_diagnostic,robometer,failure,4,0.5714285714285714,149,video_frame,0.004376146476715803,absolute predicted progress,0.0,0.12927889823913574,0.6293301582336426,True
adapted_progress_diagnostic,robometer,failure,5,0.7142857142857142,186,video_frame,0.0028386772610247135,absolute predicted progress,0.0,0.12927889823913574,0.6293301582336426,True
adapted_progress_diagnostic,robometer,failure,6,0.8571428571428571,223,video_frame,0.0031722867861390114,absolute predicted progress,0.0,0.12927889823913574,0.6293301582336426,True
adapted_progress_diagnostic,robometer,failure,7,1.0,260,video_frame,0.009550117887556553,absolute predicted progress,0.0,0.12927889823913574,0.6293301582336426,True
adapted_progress_diagnostic,robodopamine,success,0,0.0,0,video_frame,0.0,fused absolute progress,0.0,0.0,0.0,True
adapted_progress_diagnostic,robodopamine,success,1,0.14285714285714285,26,video_frame,0.140666663646698,fused absolute progress,0.140666663646698,0.140666663646698,0.16852456331253052,True
adapted_progress_diagnostic,robodopamine,success,2,0.2857142857142857,52,video_frame,0.3103773295879364,fused absolute progress,0.1697106659412384,0.3103773295879364,0.3718450367450714,True
adapted_progress_diagnostic,robodopamine,success,3,0.42857142857142855,78,video_frame,0.37690529227256775,fused absolute progress,0.06652796268463135,0.37690529227256775,0.45154833793640137,True
adapted_progress_diagnostic,robodopamine,success,4,0.5714285714285714,104,video_frame,0.37690529227256775,fused absolute progress,0.0,0.37690529227256775,0.45154833793640137,True
adapted_progress_diagnostic,robodopamine,success,5,0.7142857142857142,130,video_frame,0.2777622938156128,fused absolute progress,0.0,0.37690529227256775,0.45154833793640137,True
adapted_progress_diagnostic,robodopamine,success,6,0.8571428571428571,156,video_frame,0.30942896008491516,fused absolute progress,0.0,0.37690529227256775,0.45154833793640137,True
adapted_progress_diagnostic,robodopamine,success,7,1.0,182,video_frame,0.8346953392028809,fused absolute progress,0.4577900469303131,0.8346953392028809,1.0,True
adapted_progress_diagnostic,robodopamine,failure,0,0.0,0,video_frame,0.0,fused absolute progress,0.0,0.0,0.0,True
adapted_progress_diagnostic,robodopamine,failure,1,0.14285714285714285,37,video_frame,0.25200000405311584,fused absolute progress,0.25200000405311584,0.25200000405311584,0.301906555891037,True
adapted_progress_diagnostic,robodopamine,failure,2,0.2857142857142857,74,video_frame,0.21299999952316284,fused absolute progress,0.0,0.25200000405311584,0.301906555891037,True
adapted_progress_diagnostic,robodopamine,failure,3,0.42857142857142855,111,video_frame,0.21299999952316284,fused absolute progress,0.0,0.25200000405311584,0.301906555891037,True
adapted_progress_diagnostic,robodopamine,failure,4,0.5714285714285714,149,video_frame,0.29396864771842957,fused absolute progress,0.04196864366531372,0.29396864771842957,0.35218676924705505,True
adapted_progress_diagnostic,robodopamine,failure,5,0.7142857142857142,186,video_frame,0.26430201530456543,fused absolute progress,0.0,0.29396864771842957,0.35218676924705505,True
adapted_progress_diagnostic,robodopamine,failure,6,0.8571428571428571,223,video_frame,0.20130200684070587,fused absolute progress,0.0,0.29396864771842957,0.35218676924705505,True
adapted_progress_diagnostic,robodopamine,failure,7,1.0,260,video_frame,0.23296867311000824,fused absolute progress,0.0,0.29396864771842957,0.35218676924705505,True
adapted_progress_diagnostic,jev,success,0,0.0,0,control_step,0.007000000216066837,probability-weighted expected absolute progress over 11 bins,0.0,0.0,0.0,True
adapted_progress_diagnostic,jev,success,1,0.06666666666666667,24,control_step,0.0860000029206276,probability-weighted expected absolute progress over 11 bins,0.07900000363588333,0.07900000363588333,0.08946773409843445,True
adapted_progress_diagnostic,jev,success,2,0.13333333333333333,48,control_step,0.08100000023841858,probability-weighted expected absolute progress over 11 bins,0.0,0.07900000363588333,0.08946773409843445,True
adapted_progress_diagnostic,jev,success,3,0.2,72,control_step,0.06499999761581421,probability-weighted expected absolute progress over 11 bins,0.0,0.07900000363588333,0.08946773409843445,True
adapted_progress_diagnostic,jev,success,4,0.26666666666666666,96,control_step,0.06700000166893005,probability-weighted expected absolute progress over 11 bins,0.0,0.07900000363588333,0.08946773409843445,True
adapted_progress_diagnostic,jev,success,5,0.3333333333333333,120,control_step,0.22599999606609344,probability-weighted expected absolute progress over 11 bins,0.13999999314546585,0.21899999678134918,0.24801813066005707,True
adapted_progress_diagnostic,jev,success,6,0.4,144,control_step,0.32899999618530273,probability-weighted expected absolute progress over 11 bins,0.10300000011920929,0.32199999690055847,0.3646659255027771,True
adapted_progress_diagnostic,jev,success,7,0.4666666666666667,168,control_step,0.37299999594688416,probability-weighted expected absolute progress over 11 bins,0.04399999976158142,0.3659999966621399,0.4144960641860962,True
adapted_progress_diagnostic,jev,success,8,0.5333333333333333,192,control_step,0.43700000643730164,probability-weighted expected absolute progress over 11 bins,0.06400001049041748,0.4300000071525574,0.4869762361049652,True
adapted_progress_diagnostic,jev,success,9,0.6,216,control_step,0.5049999952316284,probability-weighted expected absolute progress over 11 bins,0.06799998879432678,0.49799999594688416,0.5639864206314087,True
adapted_progress_diagnostic,jev,success,10,0.6666666666666666,240,control_step,0.5659999847412109,probability-weighted expected absolute progress over 11 bins,0.06099995970726013,0.5589999556541443,0.6330690383911133,True
adapted_progress_diagnostic,jev,success,11,0.7333333333333333,264,control_step,0.6620000004768372,probability-weighted expected absolute progress over 11 bins,0.09600001573562622,0.6549999713897705,0.7417893409729004,True
adapted_progress_diagnostic,jev,success,12,0.8,288,control_step,0.7089999914169312,probability-weighted expected absolute progress over 11 bins,0.046999990940093994,0.7019999623298645,0.7950170040130615,True
adapted_progress_diagnostic,jev,success,13,0.8666666666666667,312,control_step,0.7559999823570251,probability-weighted expected absolute progress over 11 bins,0.046999990940093994,0.7489999532699585,0.8482446074485779,True
adapted_progress_diagnostic,jev,success,14,0.9333333333333333,336,control_step,0.8180000185966492,probability-weighted expected absolute progress over 11 bins,0.06200003623962402,0.8109999895095825,0.9184598326683044,True
adapted_progress_diagnostic,jev,success,15,1.0,360,control_step,0.8899999856948853,probability-weighted expected absolute progress over 11 bins,0.07199996709823608,0.8829999566078186,1.0,True
adapted_progress_diagnostic,jev,failure,0,0.0,0,control_step,0.007000000216066837,probability-weighted expected absolute progress over 11 bins,0.0,0.0,0.0,True
adapted_progress_diagnostic,jev,failure,1,0.06666666666666667,32,control_step,0.0689999982714653,probability-weighted expected absolute progress over 11 bins,0.06199999898672104,0.06199999898672104,0.07021518051624298,True
adapted_progress_diagnostic,jev,failure,2,0.13333333333333333,72,control_step,0.07400000095367432,probability-weighted expected absolute progress over 11 bins,0.005000002682209015,0.06700000166893005,0.07587769627571106,True
adapted_progress_diagnostic,jev,failure,3,0.2,104,control_step,0.14000000059604645,probability-weighted expected absolute progress over 11 bins,0.06599999964237213,0.13300000131130219,0.1506228893995285,True
adapted_progress_diagnostic,jev,failure,4,0.26666666666666666,136,control_step,0.3889999985694885,probability-weighted expected absolute progress over 11 bins,0.24899999797344208,0.38199999928474426,0.43261611461639404,True
adapted_progress_diagnostic,jev,failure,5,0.3333333333333333,168,control_step,0.27399998903274536,probability-weighted expected absolute progress over 11 bins,0.0,0.38199999928474426,0.43261611461639404,True
adapted_progress_diagnostic,jev,failure,6,0.4,208,control_step,0.31299999356269836,probability-weighted expected absolute progress over 11 bins,0.0,0.38199999928474426,0.43261611461639404,True
adapted_progress_diagnostic,jev,failure,7,0.4666666666666667,240,control_step,0.10499999672174454,probability-weighted expected absolute progress over 11 bins,0.0,0.38199999928474426,0.43261611461639404,True
adapted_progress_diagnostic,jev,failure,8,0.5333333333333333,272,control_step,0.1550000011920929,probability-weighted expected absolute progress over 11 bins,0.0,0.38199999928474426,0.43261611461639404,True
adapted_progress_diagnostic,jev,failure,9,0.6,304,control_step,0.16599999368190765,probability-weighted expected absolute progress over 11 bins,0.0,0.38199999928474426,0.43261611461639404,True
adapted_progress_diagnostic,jev,failure,10,0.6666666666666666,344,control_step,0.14399999380111694,probability-weighted expected absolute progress over 11 bins,0.0,0.38199999928474426,0.43261611461639404,True
adapted_progress_diagnostic,jev,failure,11,0.7333333333333333,376,control_step,0.11100000143051147,probability-weighted expected absolute progress over 11 bins,0.0,0.38199999928474426,0.43261611461639404,True
adapted_progress_diagnostic,jev,failure,12,0.8,408,control_step,0.11900000274181366,probability-weighted expected absolute progress over 11 bins,0.0,0.38199999928474426,0.43261611461639404,True
adapted_progress_diagnostic,jev,failure,13,0.8666666666666667,440,control_step,0.10599999874830246,probability-weighted expected absolute progress over 11 bins,0.0,0.38199999928474426,0.43261611461639404,True
adapted_progress_diagnostic,jev,failure,14,0.9333333333333333,480,control_step,0.11699999868869781,probability-weighted expected absolute progress over 11 bins,0.0,0.38199999928474426,0.43261611461639404,True
adapted_progress_diagnostic,jev,failure,15,1.0,512,control_step,0.09399999678134918,probability-weighted expected absolute progress over 11 bins,0.0,0.38199999928474426,0.43261611461639404,True
adapted_progress_diagnostic,roboclip_s3d_prefix,success,0,0.0,0,video_frame,0.04250562936067581,prefix-to-independent-reference S3D dot-product similarity,0.0,0.0,0.0,True
adapted_progress_diagnostic,roboclip_s3d_prefix,success,1,0.0625,11,video_frame,0.06175237149000168,prefix-to-independent-reference S3D dot-product similarity,0.019246742129325867,0.019246742129325867,0.6957175135612488,True
adapted_progress_diagnostic,roboclip_s3d_prefix,success,2,0.125,23,video_frame,0.057660892605781555,prefix-to-independent-reference S3D dot-product similarity,0.0,0.019246742129325867,0.6957175135612488,True
adapted_progress_diagnostic,roboclip_s3d_prefix,success,3,0.1875,34,video_frame,0.06040381267666817,prefix-to-independent-reference S3D dot-product similarity,0.0,0.019246742129325867,0.6957175135612488,True
adapted_progress_diagnostic,roboclip_s3d_prefix,success,4,0.25,46,video_frame,0.0667496919631958,prefix-to-independent-reference S3D dot-product similarity,0.004997320473194122,0.02424406260251999,0.8763570785522461,True
adapted_progress_diagnostic,roboclip_s3d_prefix,success,5,0.3125,57,video_frame,0.06635409593582153,prefix-to-independent-reference S3D dot-product similarity,0.0,0.02424406260251999,0.8763570785522461,True
adapted_progress_diagnostic,roboclip_s3d_prefix,success,6,0.375,68,video_frame,0.06628891080617905,prefix-to-independent-reference S3D dot-product similarity,0.0,0.02424406260251999,0.8763570785522461,True
adapted_progress_diagnostic,roboclip_s3d_prefix,success,7,0.4375,80,video_frame,0.06654109060764313,prefix-to-independent-reference S3D dot-product similarity,0.0,0.02424406260251999,0.8763570785522461,True
adapted_progress_diagnostic,roboclip_s3d_prefix,success,8,0.5,91,video_frame,0.06635426729917526,prefix-to-independent-reference S3D dot-product similarity,0.0,0.02424406260251999,0.8763570785522461,True
adapted_progress_diagnostic,roboclip_s3d_prefix,success,9,0.5625,102,video_frame,0.06672970950603485,prefix-to-independent-reference S3D dot-product similarity,0.0,0.02424406260251999,0.8763570785522461,True
adapted_progress_diagnostic,roboclip_s3d_prefix,success,10,0.625,114,video_frame,0.06766438484191895,prefix-to-independent-reference S3D dot-product similarity,0.0009146928787231445,0.025158755481243134,0.9094207286834717,True
adapted_progress_diagnostic,roboclip_s3d_prefix,success,11,0.6875,125,video_frame,0.06827881932258606,prefix-to-independent-reference S3D dot-product similarity,0.0006144344806671143,0.025773189961910248,0.9316308498382568,True
adapted_progress_diagnostic,roboclip_s3d_prefix,success,12,0.75,136,video_frame,0.0682009607553482,prefix-to-independent-reference S3D dot-product similarity,0.0,0.025773189961910248,0.9316308498382568,True
adapted_progress_diagnostic,roboclip_s3d_prefix,success,13,0.8125,148,video_frame,0.06943902373313904,prefix-to-independent-reference S3D dot-product similarity,0.0011602044105529785,0.026933394372463226,0.9735690951347351,True
adapted_progress_diagnostic,roboclip_s3d_prefix,success,14,0.875,159,video_frame,0.06958973407745361,prefix-to-independent-reference S3D dot-product similarity,0.0001507103443145752,0.0270841047167778,0.979016900062561,True
adapted_progress_diagnostic,roboclip_s3d_prefix,success,15,0.9375,171,video_frame,0.07006938010454178,prefix-to-independent-reference S3D dot-product similarity,0.0004796460270881653,0.027563750743865967,0.9963547587394714,True
adapted_progress_diagnostic,roboclip_s3d_prefix,success,16,1.0,182,video_frame,0.07017022371292114,prefix-to-independent-reference S3D dot-product similarity,0.00010084360837936401,0.02766459435224533,1.0,True
adapted_progress_diagnostic,roboclip_s3d_prefix,failure,0,0.0,0,video_frame,0.04253992438316345,prefix-to-independent-reference S3D dot-product similarity,0.0,0.0,0.0,True
adapted_progress_diagnostic,roboclip_s3d_prefix,failure,1,0.0625,16,video_frame,0.05825238674879074,prefix-to-independent-reference S3D dot-product similarity,0.01571246236562729,0.01571246236562729,0.5679628849029541,True
adapted_progress_diagnostic,roboclip_s3d_prefix,failure,2,0.125,32,video_frame,0.05833505839109421,prefix-to-independent-reference S3D dot-product similarity,8.26716423034668e-05,0.015795134007930756,0.5709512233734131,True
adapted_progress_diagnostic,roboclip_s3d_prefix,failure,3,0.1875,49,video_frame,0.06585221737623215,prefix-to-independent-reference S3D dot-product similarity,0.0075171589851379395,0.023312292993068695,0.8426761031150818,True
adapted_progress_diagnostic,roboclip_s3d_prefix,failure,4,0.25,65,video_frame,0.0672454684972763,prefix-to-independent-reference S3D dot-product similarity,0.001393251121044159,0.024705544114112854,0.8930383920669556,True
adapted_progress_diagnostic,roboclip_s3d_prefix,failure,5,0.3125,81,video_frame,0.06647344678640366,prefix-to-independent-reference S3D dot-product similarity,0.0,0.024705544114112854,0.8930383920669556,True
adapted_progress_diagnostic,roboclip_s3d_prefix,failure,6,0.375,98,video_frame,0.06743794679641724,prefix-to-independent-reference S3D dot-product similarity,0.00019247829914093018,0.024898022413253784,0.8999959230422974,True
adapted_progress_diagnostic,roboclip_s3d_prefix,failure,7,0.4375,114,video_frame,0.06960303336381912,prefix-to-independent-reference S3D dot-product similarity,0.002165086567401886,0.02706310898065567,0.978257954120636,True
adapted_progress_diagnostic,roboclip_s3d_prefix,failure,8,0.5,130,video_frame,0.06866031885147095,prefix-to-independent-reference S3D dot-product similarity,0.0,0.02706310898065567,0.978257954120636,True
adapted_progress_diagnostic,roboclip_s3d_prefix,failure,9,0.5625,146,video_frame,0.06747885048389435,prefix-to-independent-reference S3D dot-product similarity,0.0,0.02706310898065567,0.978257954120636,True
adapted_progress_diagnostic,roboclip_s3d_prefix,failure,10,0.625,162,video_frame,0.06831957399845123,prefix-to-independent-reference S3D dot-product similarity,0.0,0.02706310898065567,0.978257954120636,True
adapted_progress_diagnostic,roboclip_s3d_prefix,failure,11,0.6875,179,video_frame,0.06919807940721512,prefix-to-independent-reference S3D dot-product similarity,0.0,0.02706310898065567,0.978257954120636,True
adapted_progress_diagnostic,roboclip_s3d_prefix,failure,12,0.75,195,video_frame,0.06800976395606995,prefix-to-independent-reference S3D dot-product similarity,0.0,0.02706310898065567,0.978257954120636,True
adapted_progress_diagnostic,roboclip_s3d_prefix,failure,13,0.8125,211,video_frame,0.0694693997502327,prefix-to-independent-reference S3D dot-product similarity,0.0,0.02706310898065567,0.978257954120636,True
adapted_progress_diagnostic,roboclip_s3d_prefix,failure,14,0.875,228,video_frame,0.06686771661043167,prefix-to-independent-reference S3D dot-product similarity,0.0,0.02706310898065567,0.978257954120636,True
adapted_progress_diagnostic,roboclip_s3d_prefix,failure,15,0.9375,244,video_frame,0.06883464753627777,prefix-to-independent-reference S3D dot-product similarity,0.0,0.02706310898065567,0.978257954120636,True
adapted_progress_diagnostic,roboclip_s3d_prefix,failure,16,1.0,260,video_frame,0.06826286017894745,prefix-to-independent-reference S3D dot-product similarity,0.0,0.02706310898065567,0.978257954120636,True
adapted_progress_diagnostic,temporalot,success,0,0.0,0,sampled_source_frame,-0.0006137746386229992,negative diagonal temporal transport cost,-0.0006137746386229992,-0.0006137746386229992,0.009791834279894829,False
adapted_progress_diagnostic,temporalot,success,1,0.011494252873563218,2,sampled_source_frame,-0.0005919382674619555,negative diagonal temporal transport cost,-0.0005919382674619555,-0.0012057129060849547,0.01923530362546444,False
adapted_progress_diagnostic,temporalot,success,2,0.022988505747126436,4,sampled_source_frame,-0.0005797509220428765,negative diagonal temporal transport cost,-0.0005797509802505374,-0.0017854638863354921,0.028484342619776726,False
adapted_progress_diagnostic,temporalot,success,3,0.034482758620689655,6,sampled_source_frame,-0.0005556609248742461,negative diagonal temporal transport cost,-0.0005556608084589243,-0.0023411246947944164,0.03734906017780304,False
adapted_progress_diagnostic,temporalot,success,4,0.04597701149425287,8,sampled_source_frame,-0.000537095358595252,negative diagonal temporal transport cost,-0.000537095358595252,-0.0028782200533896685,0.04591759294271469,False
adapted_progress_diagnostic,temporalot,success,5,0.05747126436781609,10,sampled_source_frame,-0.0005237629520706832,negative diagonal temporal transport cost,-0.0005237630102783442,-0.0034019830636680126,0.05427343025803566,False
adapted_progress_diagnostic,temporalot,success,6,0.06896551724137931,13,sampled_source_frame,-0.0005252445116639137,negative diagonal temporal transport cost,-0.0005252445116639137,-0.003927227575331926,0.06265290081501007,False
adapted_progress_diagnostic,temporalot,success,7,0.08045977011494253,15,sampled_source_frame,-0.0005180491716600955,negative diagonal temporal transport cost,-0.0005180491134524345,-0.004445276688784361,0.07091758400201797,False
adapted_progress_diagnostic,temporalot,success,8,0.09195402298850575,17,sampled_source_frame,-0.0005464053247123957,negative diagonal temporal transport cost,-0.0005464055575430393,-0.0049916822463274,0.0796346440911293,False
adapted_progress_diagnostic,temporalot,success,9,0.10344827586206896,19,sampled_source_frame,-0.0005528763285838068,negative diagonal temporal transport cost,-0.0005528763867914677,-0.005544558633118868,0.08845493942499161,False
adapted_progress_diagnostic,temporalot,success,10,0.11494252873563218,21,sampled_source_frame,-0.0006043233443051577,negative diagonal temporal transport cost,-0.0006043235771358013,-0.006148882210254669,0.09809599816799164,False
adapted_progress_diagnostic,temporalot,success,11,0.12643678160919541,23,sampled_source_frame,-0.0006052040844224393,negative diagonal temporal transport cost,-0.0006052041426301003,-0.0067540863528847694,0.10775110125541687,False
adapted_progress_diagnostic,temporalot,success,12,0.13793103448275862,25,sampled_source_frame,-0.000619797850959003,negative diagonal temporal transport cost,-0.0006197979673743248,-0.007373884320259094,0.11763903498649597,False
adapted_progress_diagnostic,temporalot,success,13,0.14942528735632182,27,sampled_source_frame,-0.0006399364792741835,negative diagonal temporal transport cost,-0.0006399368867278099,-0.008013821206986904,0.12784823775291443,False
adapted_progress_diagnostic,temporalot,success,14,0.16091954022988506,29,sampled_source_frame,-0.0006145027582533658,negative diagonal temporal transport cost,-0.0006145024672150612,-0.008628323674201965,0.1376516968011856,False
adapted_progress_diagnostic,temporalot,success,15,0.1724137931034483,31,sampled_source_frame,-0.000628005072940141,negative diagonal temporal transport cost,-0.0006280047819018364,-0.009256328456103802,0.14767055213451385,False
adapted_progress_diagnostic,temporalot,success,16,0.1839080459770115,33,sampled_source_frame,-0.0006141828489489853,negative diagonal temporal transport cost,-0.0006141830235719681,-0.00987051147967577,0.15746890008449554,False
adapted_progress_diagnostic,temporalot,success,17,0.1954022988505747,36,sampled_source_frame,-0.0006413371884264052,negative diagonal temporal transport cost,-0.0006413375958800316,-0.010511849075555801,0.16770045459270477,False
adapted_progress_diagnostic,temporalot,success,18,0.20689655172413793,38,sampled_source_frame,-0.0006466984050348401,negative diagonal temporal transport cost,-0.0006466982886195183,-0.01115854736417532,0.1780175417661667,False
adapted_progress_diagnostic,temporalot,success,19,0.21839080459770116,40,sampled_source_frame,-0.0006842734292149544,negative diagonal temporal transport cost,-0.0006842734292149544,-0.011842820793390274,0.1889340728521347,False
adapted_progress_diagnostic,temporalot,success,20,0.22988505747126436,42,sampled_source_frame,-0.000704240461345762,negative diagonal temporal transport cost,-0.0007042400538921356,-0.01254706084728241,0.2001691460609436,False
adapted_progress_diagnostic,temporalot,success,21,0.24137931034482757,44,sampled_source_frame,-0.0006998516037128866,negative diagonal temporal transport cost,-0.0006998516619205475,-0.013246912509202957,0.2113341987133026,False
adapted_progress_diagnostic,temporalot,success,22,0.25287356321839083,46,sampled_source_frame,-0.000629163405392319,negative diagonal temporal transport cost,-0.000629163347184658,-0.013876075856387615,0.22137154638767242,False
adapted_progress_diagnostic,temporalot,success,23,0.26436781609195403,48,sampled_source_frame,-0.0005791647708974779,negative diagonal temporal transport cost,-0.0005791643634438515,-0.014455240219831467,0.23061122000217438,False
adapted_progress_diagnostic,temporalot,success,24,0.27586206896551724,50,sampled_source_frame,-0.0005485238507390022,negative diagonal temporal transport cost,-0.0005485238507390022,-0.015003764070570469,0.23936207592487335,False
adapted_progress_diagnostic,temporalot,success,25,0.28735632183908044,52,sampled_source_frame,-0.0005399936926551163,negative diagonal temporal transport cost,-0.0005399938672780991,-0.015543757937848568,0.2479768544435501,False
adapted_progress_diagnostic,temporalot,success,26,0.29885057471264365,54,sampled_source_frame,-0.0005364554817788303,negative diagonal temporal transport cost,-0.0005364557728171349,-0.016080213710665703,0.2565351724624634,False
adapted_progress_diagnostic,temporalot,success,27,0.3103448275862069,56,sampled_source_frame,-0.0005507611203938723,negative diagonal temporal transport cost,-0.0005507618188858032,-0.016630975529551506,0.2653217315673828,False
adapted_progress_diagnostic,temporalot,success,28,0.3218390804597701,59,sampled_source_frame,-0.0005698446766473353,negative diagonal temporal transport cost,-0.0005698446184396744,-0.01720082014799118,0.27441275119781494,False
adapted_progress_diagnostic,temporalot,success,29,0.3333333333333333,61,sampled_source_frame,-0.0005976952379569411,negative diagonal temporal transport cost,-0.0005976948887109756,-0.017798515036702156,0.28394806385040283,False
adapted_progress_diagnostic,temporalot,success,30,0.3448275862068966,63,sampled_source_frame,-0.0006186634418554604,negative diagonal temporal transport cost,-0.0006186626851558685,-0.018417177721858025,0.2938178777694702,False
adapted_progress_diagnostic,temporalot,success,31,0.3563218390804598,65,sampled_source_frame,-0.0006251241429708898,negative diagonal temporal transport cost,-0.0006251242011785507,-0.019042301923036575,0.30379077792167664,False
adapted_progress_diagnostic,temporalot,success,32,0.367816091954023,67,sampled_source_frame,-0.0006520929164253175,negative diagonal temporal transport cost,-0.0006520934402942657,-0.01969439536333084,0.3141939043998718,False
adapted_progress_diagnostic,temporalot,success,33,0.3793103448275862,69,sampled_source_frame,-0.0006279363879002631,negative diagonal temporal transport cost,-0.0006279367953538895,-0.02032233215868473,0.3242116868495941,False
adapted_progress_diagnostic,temporalot,success,34,0.3908045977011494,71,sampled_source_frame,-0.000638149562291801,negative diagonal temporal transport cost,-0.0006381496787071228,-0.020960481837391853,0.33439239859580994,False
adapted_progress_diagnostic,temporalot,success,35,0.40229885057471265,73,sampled_source_frame,-0.0006059846491552889,negative diagonal temporal transport cost,-0.0006059855222702026,-0.021566467359662056,0.3440599739551544,False
adapted_progress_diagnostic,temporalot,success,36,0.41379310344827586,75,sampled_source_frame,-0.0006689367583021522,negative diagonal temporal transport cost,-0.0006689373403787613,-0.022235404700040817,0.35473182797431946,False
adapted_progress_diagnostic,temporalot,success,37,0.42528735632183906,77,sampled_source_frame,-0.0006981831975281239,negative diagonal temporal transport cost,-0.0006981827318668365,-0.022933587431907654,0.36587026715278625,False
adapted_progress_diagnostic,temporalot,success,38,0.4367816091954023,79,sampled_source_frame,-0.0007219337276183069,negative diagonal temporal transport cost,-0.0007219333201646805,-0.023655520752072334,0.3773876130580902,False
adapted_progress_diagnostic,temporalot,success,39,0.4482758620689655,82,sampled_source_frame,-0.0006948730442672968,negative diagonal temporal transport cost,-0.0006948728114366531,-0.024350393563508987,0.388473242521286,False
adapted_progress_diagnostic,temporalot,success,40,0.45977011494252873,84,sampled_source_frame,-0.0007335900445468724,negative diagonal temporal transport cost,-0.0007335897535085678,-0.025083983317017555,0.4001765549182892,False
adapted_progress_diagnostic,temporalot,success,41,0.47126436781609193,86,sampled_source_frame,-0.0007811737013980746,negative diagonal temporal transport cost,-0.0007811728864908218,-0.025865156203508377,0.41263896226882935,False
adapted_progress_diagnostic,temporalot,success,42,0.48275862068965514,88,sampled_source_frame,-0.0007849929388612509,negative diagonal temporal transport cost,-0.0007849931716918945,-0.02665014937520027,0.42516231536865234,False
adapted_progress_diagnostic,temporalot,success,43,0.4942528735632184,90,sampled_source_frame,-0.0007557831122539937,negative diagonal temporal transport cost,-0.0007557831704616547,-0.027405932545661926,0.43721967935562134,False
adapted_progress_diagnostic,temporalot,success,44,0.5057471264367817,92,sampled_source_frame,-0.0007688214536756277,negative diagonal temporal transport cost,-0.0007688216865062714,-0.028174754232168198,0.44948506355285645,False
adapted_progress_diagnostic,temporalot,success,45,0.5172413793103449,94,sampled_source_frame,-0.0007902214420028031,negative diagonal temporal transport cost,-0.0007902216166257858,-0.028964975848793983,0.4620918333530426,False
adapted_progress_diagnostic,temporalot,success,46,0.5287356321839081,96,sampled_source_frame,-0.0008193837129510939,negative diagonal temporal transport cost,-0.0008193831890821457,-0.02978435903787613,0.47516384720802307,False
adapted_progress_diagnostic,temporalot,success,47,0.5402298850574713,98,sampled_source_frame,-0.000822507485281676,negative diagonal temporal transport cost,-0.000822506844997406,-0.030606865882873535,0.4882856607437134,False
adapted_progress_diagnostic,temporalot,success,48,0.5517241379310345,100,sampled_source_frame,-0.0008049130556173623,negative diagonal temporal transport cost,-0.0008049122989177704,-0.031411778181791306,0.5011268258094788,False
adapted_progress_diagnostic,temporalot,success,49,0.5632183908045977,103,sampled_source_frame,-0.000798399094492197,negative diagonal temporal transport cost,-0.000798400491476059,-0.032210178673267365,0.5138640999794006,False
adapted_progress_diagnostic,temporalot,success,50,0.5747126436781609,105,sampled_source_frame,-0.0007895564194768667,negative diagonal temporal transport cost,-0.0007895566523075104,-0.032999735325574875,0.5264602303504944,False
adapted_progress_diagnostic,temporalot,success,51,0.5862068965517241,107,sampled_source_frame,-0.0007889326079748571,negative diagonal temporal transport cost,-0.0007889308035373688,-0.033788666129112244,0.5390464067459106,False
adapted_progress_diagnostic,temporalot,success,52,0.5977011494252873,109,sampled_source_frame,-0.0007382634212262928,negative diagonal temporal transport cost,-0.0007382631301879883,-0.03452692925930023,0.5508242845535278,False
adapted_progress_diagnostic,temporalot,success,53,0.6091954022988506,111,sampled_source_frame,-0.000667235697619617,negative diagonal temporal transport cost,-0.0006672367453575134,-0.035194166004657745,0.5614690184593201,False
adapted_progress_diagnostic,temporalot,success,54,0.6206896551724138,113,sampled_source_frame,-0.0006514310371130705,negative diagonal temporal transport cost,-0.0006514303386211395,-0.035845596343278885,0.5718616247177124,False
adapted_progress_diagnostic,temporalot,success,55,0.632183908045977,115,sampled_source_frame,-0.0006397882825694978,negative diagonal temporal transport cost,-0.000639788806438446,-0.03648538514971733,0.5820684432983398,False
adapted_progress_diagnostic,temporalot,success,56,0.6436781609195402,117,sampled_source_frame,-0.0006692344322800636,negative diagonal temporal transport cost,-0.000669233500957489,-0.03715461865067482,0.5927450656890869,False
adapted_progress_diagnostic,temporalot,success,57,0.6551724137931034,119,sampled_source_frame,-0.000651066075079143,negative diagonal temporal transport cost,-0.0006510652601718903,-0.03780568391084671,0.6031317710876465,False
adapted_progress_diagnostic,temporalot,success,58,0.6666666666666666,121,sampled_source_frame,-0.0007057959446683526,negative diagonal temporal transport cost,-0.0007057972252368927,-0.0385114811360836,0.6143916845321655,False
adapted_progress_diagnostic,temporalot,success,59,0.6781609195402298,123,sampled_source_frame,-0.000730847124941647,negative diagonal temporal transport cost,-0.0007308460772037506,-0.039242327213287354,0.6260512471199036,False
adapted_progress_diagnostic,temporalot,success,60,0.6896551724137931,126,sampled_source_frame,-0.0007584798731841147,negative diagonal temporal transport cost,-0.0007584802806377411,-0.040000807493925095,0.6381516456604004,False
adapted_progress_diagnostic,temporalot,success,61,0.7011494252873564,128,sampled_source_frame,-0.0007885903469286859,negative diagonal temporal transport cost,-0.0007885918021202087,-0.0407893992960453,0.6507323980331421,False
adapted_progress_diagnostic,temporalot,success,62,0.7126436781609196,130,sampled_source_frame,-0.0008139445562846959,negative diagonal temporal transport cost,-0.0008139461278915405,-0.041603345423936844,0.6637176871299744,False
adapted_progress_diagnostic,temporalot,success,63,0.7241379310344828,132,sampled_source_frame,-0.0008263513445854187,negative diagonal temporal transport cost,-0.0008263513445854187,-0.04242969676852226,0.6769008636474609,False
adapted_progress_diagnostic,temporalot,success,64,0.735632183908046,134,sampled_source_frame,-0.0007948452839627862,negative diagonal temporal transport cost,-0.0007948465645313263,-0.04322454333305359,0.6895813941955566,False
adapted_progress_diagnostic,temporalot,success,65,0.7471264367816092,136,sampled_source_frame,-0.0007828593370504677,negative diagonal temporal transport cost,-0.0007828585803508759,-0.044007401913404465,0.7020707130432129,False
adapted_progress_diagnostic,temporalot,success,66,0.7586206896551724,138,sampled_source_frame,-0.0007533201714977622,negative diagonal temporal transport cost,-0.0007533207535743713,-0.044760722666978836,0.7140887975692749,False
adapted_progress_diagnostic,temporalot,success,67,0.7701149425287356,140,sampled_source_frame,-0.0007256617536768317,negative diagonal temporal transport cost,-0.0007256604731082916,-0.04548638314008713,0.7256655693054199,False
adapted_progress_diagnostic,temporalot,success,68,0.7816091954022988,142,sampled_source_frame,-0.0006838291883468628,negative diagonal temporal transport cost,-0.0006838291883468628,-0.04617021232843399,0.7365750074386597,False
adapted_progress_diagnostic,temporalot,success,69,0.7931034482758621,144,sampled_source_frame,-0.000689653679728508,negative diagonal temporal transport cost,-0.0006896555423736572,-0.04685986787080765,0.747577428817749,False
adapted_progress_diagnostic,temporalot,success,70,0.8045977011494253,146,sampled_source_frame,-0.0006715361378155649,negative diagonal temporal transport cost,-0.0006715357303619385,-0.047531403601169586,0.7582907676696777,False
adapted_progress_diagnostic,temporalot,success,71,0.8160919540229885,149,sampled_source_frame,-0.0006887377239763737,negative diagonal temporal transport cost,-0.0006887391209602356,-0.04822014272212982,0.7692785263061523,False
adapted_progress_diagnostic,temporalot,success,72,0.8275862068965517,151,sampled_source_frame,-0.0007071418222039938,negative diagonal temporal transport cost,-0.0007071420550346375,-0.04892728477716446,0.7805598974227905,False
adapted_progress_diagnostic,temporalot,success,73,0.8390804597701149,153,sampled_source_frame,-0.000777166394982487,negative diagonal temporal transport cost,-0.000777166336774826,-0.049704451113939285,0.7929583787918091,False
adapted_progress_diagnostic,temporalot,success,74,0.8505747126436781,155,sampled_source_frame,-0.0007841875776648521,negative diagonal temporal transport cost,-0.0007841885089874268,-0.05048863962292671,0.8054689168930054,False
adapted_progress_diagnostic,temporalot,success,75,0.8620689655172413,157,sampled_source_frame,-0.0007647781749255955,negative diagonal temporal transport cost,-0.0007647797465324402,-0.05125341936945915,0.8176698088645935,False
adapted_progress_diagnostic,temporalot,success,76,0.8735632183908046,159,sampled_source_frame,-0.0007751518278382719,negative diagonal temporal transport cost,-0.0007751509547233582,-0.05202857032418251,0.8300361633300781,False
adapted_progress_diagnostic,temporalot,success,77,0.8850574712643678,161,sampled_source_frame,-0.0008659373852424324,negative diagonal temporal transport cost,-0.000865936279296875,-0.052894506603479385,0.84385085105896,False
adapted_progress_diagnostic,temporalot,success,78,0.896551724137931,163,sampled_source_frame,-0.001024079043418169,negative diagonal temporal transport cost,-0.0010240785777568817,-0.05391858518123627,0.8601884841918945,False
adapted_progress_diagnostic,temporalot,success,79,0.9080459770114943,165,sampled_source_frame,-0.00104396918322891,negative diagonal temporal transport cost,-0.0010439679026603699,-0.05496255308389664,0.8768433928489685,False
adapted_progress_diagnostic,temporalot,success,80,0.9195402298850575,167,sampled_source_frame,-0.001030367100611329,negative diagonal temporal transport cost,-0.0010303668677806854,-0.05599291995167732,0.8932812809944153,False
adapted_progress_diagnostic,temporalot,success,81,0.9310344827586207,169,sampled_source_frame,-0.000924239051528275,negative diagonal temporal transport cost,-0.0009242407977581024,-0.056917160749435425,0.9080261588096619,False
adapted_progress_diagnostic,temporalot,success,82,0.9425287356321839,172,sampled_source_frame,-0.0008553388179279864,negative diagonal temporal transport cost,-0.0008553378283977509,-0.057772498577833176,0.9216717481613159,False
adapted_progress_diagnostic,temporalot,success,83,0.9540229885057471,174,sampled_source_frame,-0.0008436180651187897,negative diagonal temporal transport cost,-0.0008436180651187897,-0.058616116642951965,0.9351303577423096,False
adapted_progress_diagnostic,temporalot,success,84,0.9655172413793103,176,sampled_source_frame,-0.0008879995439201593,negative diagonal temporal transport cost,-0.0008880011737346649,-0.05950411781668663,0.9492970705032349,False
adapted_progress_diagnostic,temporalot,success,85,0.9770114942528736,178,sampled_source_frame,-0.0009510681265965104,negative diagonal temporal transport cost,-0.0009510666131973267,-0.06045518442988396,0.9644699096679688,False
adapted_progress_diagnostic,temporalot,success,86,0.9885057471264368,180,sampled_source_frame,-0.0010823981137946248,negative diagonal temporal transport cost,-0.001082397997379303,-0.06153758242726326,0.9817379117012024,False
adapted_progress_diagnostic,temporalot,success,87,1.0,182,sampled_source_frame,-0.001144713838584721,negative diagonal temporal transport cost,-0.0011447109282016754,-0.06268229335546494,1.0,False
adapted_progress_diagnostic,temporalot,failure,0,0.0,0,sampled_source_frame,-0.0005252094706520438,negative diagonal temporal transport cost,-0.0005252094706520438,-0.0005252094706520438,0.008378912694752216,False
adapted_progress_diagnostic,temporalot,failure,1,0.011494252873563218,3,sampled_source_frame,-0.000539638102054596,negative diagonal temporal transport cost,-0.000539638102054596,-0.0010648475727066398,0.016988012939691544,False
adapted_progress_diagnostic,temporalot,failure,2,0.022988505747126436,6,sampled_source_frame,-0.0005909180617891252,negative diagonal temporal transport cost,-0.0005909180035814643,-0.001655765576288104,0.026415204629302025,False
adapted_progress_diagnostic,temporalot,failure,3,0.034482758620689655,9,sampled_source_frame,-0.0006483293254859746,negative diagonal temporal transport cost,-0.0006483292672783136,-0.0023040948435664177,0.03675830364227295,False
adapted_progress_diagnostic,temporalot,failure,4,0.04597701149425287,12,sampled_source_frame,-0.0007167449803091586,negative diagonal temporal transport cost,-0.0007167449221014977,-0.0030208397656679153,0.04819287359714508,False
adapted_progress_diagnostic,temporalot,failure,5,0.05747126436781609,15,sampled_source_frame,-0.000740964780561626,negative diagonal temporal transport cost,-0.0007409648969769478,-0.003761804662644863,0.06001383438706398,False
adapted_progress_diagnostic,temporalot,failure,6,0.06896551724137931,18,sampled_source_frame,-0.0008176909177564085,negative diagonal temporal transport cost,-0.0008176909759640694,-0.0045794956386089325,0.0730588436126709,False
adapted_progress_diagnostic,temporalot,failure,7,0.08045977011494253,21,sampled_source_frame,-0.0008694217540323734,negative diagonal temporal transport cost,-0.0008694217540323734,-0.005448917392641306,0.08692913502454758,False
adapted_progress_diagnostic,temporalot,failure,8,0.09195402298850575,24,sampled_source_frame,-0.0010392830008640885,negative diagonal temporal transport cost,-0.0010392828844487667,-0.006488200277090073,0.10350929945707321,False
adapted_progress_diagnostic,temporalot,failure,9,0.10344827586206896,27,sampled_source_frame,-0.0011446239659562707,negative diagonal temporal transport cost,-0.0011446238495409489,-0.0076328241266310215,0.12177001684904099,False
adapted_progress_diagnostic,temporalot,failure,10,0.11494252873563218,30,sampled_source_frame,-0.001261708326637745,negative diagonal temporal transport cost,-0.0012617087922990322,-0.008894532918930054,0.14189864695072174,False
adapted_progress_diagnostic,temporalot,failure,11,0.12643678160919541,33,sampled_source_frame,-0.0012962111504748464,negative diagonal temporal transport cost,-0.0012962110340595245,-0.010190743952989578,0.16257771849632263,False
adapted_progress_diagnostic,temporalot,failure,12,0.13793103448275862,36,sampled_source_frame,-0.0014133518561720848,negative diagonal temporal transport cost,-0.0014133518561720848,-0.011604095809161663,0.18512557446956635,False
adapted_progress_diagnostic,temporalot,failure,13,0.14942528735632182,39,sampled_source_frame,-0.0015728657599538565,negative diagonal temporal transport cost,-0.0015728659927845001,-0.013176961801946163,0.21021825075149536,False
adapted_progress_diagnostic,temporalot,failure,14,0.16091954022988506,42,sampled_source_frame,-0.0016525766113772988,negative diagonal temporal transport cost,-0.0016525769606232643,-0.014829538762569427,0.23658257722854614,False
adapted_progress_diagnostic,temporalot,failure,15,0.1724137931034483,45,sampled_source_frame,-0.0016002075280994177,negative diagonal temporal transport cost,-0.0016002077609300613,-0.01642974652349949,0.26211145520210266,False
adapted_progress_diagnostic,temporalot,failure,16,0.1839080459770115,48,sampled_source_frame,-0.001425936701707542,negative diagonal temporal transport cost,-0.0014259368181228638,-0.017855683341622353,0.2848600745201111,False
adapted_progress_diagnostic,temporalot,failure,17,0.1954022988505747,51,sampled_source_frame,-0.0012275832705199718,negative diagonal temporal transport cost,-0.0012275837361812592,-0.019083267077803612,0.3044443130493164,False
adapted_progress_diagnostic,temporalot,failure,18,0.20689655172413793,54,sampled_source_frame,-0.00097772222943604,negative diagonal temporal transport cost,-0.0009777229279279709,-0.020060990005731583,0.32004237174987793,False
adapted_progress_diagnostic,temporalot,failure,19,0.21839080459770116,57,sampled_source_frame,-0.0008817235357128084,negative diagonal temporal transport cost,-0.0008817240595817566,-0.02094271406531334,0.3341089189052582,False
adapted_progress_diagnostic,temporalot,failure,20,0.22988505747126436,60,sampled_source_frame,-0.0008676425786688924,negative diagonal temporal transport cost,-0.0008676424622535706,-0.02181035652756691,0.34795084595680237,False
adapted_progress_diagnostic,temporalot,failure,21,0.24137931034482757,63,sampled_source_frame,-0.0009915424743667245,negative diagonal temporal transport cost,-0.0009915418922901154,-0.022801898419857025,0.36376938223838806,False
adapted_progress_diagnostic,temporalot,failure,22,0.25287356321839083,66,sampled_source_frame,-0.001263427548110485,negative diagonal temporal transport cost,-0.0012634284794330597,-0.024065326899290085,0.3839254379272461,False
adapted_progress_diagnostic,temporalot,failure,23,0.26436781609195403,69,sampled_source_frame,-0.0015525289345532656,negative diagonal temporal transport cost,-0.0015525296330451965,-0.02561785653233528,0.40869367122650146,False
adapted_progress_diagnostic,temporalot,failure,24,0.27586206896551724,72,sampled_source_frame,-0.0018639323534443974,negative diagonal temporal transport cost,-0.0018639322370290756,-0.027481788769364357,0.4384298622608185,False
adapted_progress_diagnostic,temporalot,failure,25,0.28735632183908044,75,sampled_source_frame,-0.0020707943476736546,negative diagonal temporal transport cost,-0.0020707938820123672,-0.029552582651376724,0.47146621346473694,False
adapted_progress_diagnostic,temporalot,failure,26,0.29885057471264365,78,sampled_source_frame,-0.0021560126915574074,negative diagonal temporal transport cost,-0.0021560117602348328,-0.03170859441161156,0.5058620572090149,False
adapted_progress_diagnostic,temporalot,failure,27,0.3103448275862069,81,sampled_source_frame,-0.002145816572010517,negative diagonal temporal transport cost,-0.0021458156406879425,-0.0338544100522995,0.5400952696800232,False
adapted_progress_diagnostic,temporalot,failure,28,0.3218390804597701,84,sampled_source_frame,-0.002099444158375263,negative diagonal temporal transport cost,-0.0020994432270526886,-0.03595385327935219,0.5735886693000793,False
adapted_progress_diagnostic,temporalot,failure,29,0.3333333333333333,87,sampled_source_frame,-0.002061528619378805,negative diagonal temporal transport cost,-0.0020615272223949432,-0.03801538050174713,0.6064772009849548,False
adapted_progress_diagnostic,temporalot,failure,30,0.3448275862068966,90,sampled_source_frame,-0.002071576891466975,negative diagonal temporal transport cost,-0.0020715780556201935,-0.040086958557367325,0.6395260095596313,False
adapted_progress_diagnostic,temporalot,failure,31,0.3563218390804598,93,sampled_source_frame,-0.0020252575632184744,negative diagonal temporal transport cost,-0.002025257796049118,-0.04211221635341644,0.6718358993530273,False
adapted_progress_diagnostic,temporalot,failure,32,0.367816091954023,96,sampled_source_frame,-0.0019212723709642887,negative diagonal temporal transport cost,-0.0019212737679481506,-0.044033490121364594,0.7024869322776794,False
adapted_progress_diagnostic,temporalot,failure,33,0.3793103448275862,99,sampled_source_frame,-0.0017396309413015842,negative diagonal temporal transport cost,-0.0017396323382854462,-0.04577312245965004,0.7302400469779968,False
adapted_progress_diagnostic,temporalot,failure,34,0.3908045977011494,102,sampled_source_frame,-0.0014451100723817945,negative diagonal temporal transport cost,-0.0014451108872890472,-0.04721823334693909,0.7532945871353149,False
adapted_progress_diagnostic,temporalot,failure,35,0.40229885057471265,105,sampled_source_frame,-0.0013233222998678684,negative diagonal temporal transport cost,-0.0013233236968517303,-0.04854155704379082,0.7744061946868896,False
adapted_progress_diagnostic,temporalot,failure,36,0.41379310344827586,108,sampled_source_frame,-0.0012750661699101329,negative diagonal temporal transport cost,-0.0012750662863254547,-0.04981662333011627,0.7947479486465454,False
adapted_progress_diagnostic,temporalot,failure,37,0.42528735632183906,111,sampled_source_frame,-0.0012885229662060738,negative diagonal temporal transport cost,-0.0012885220348834991,-0.05110514536499977,0.8153043389320374,False
adapted_progress_diagnostic,temporalot,failure,38,0.4367816091954023,114,sampled_source_frame,-0.0014894230989739299,negative diagonal temporal transport cost,-0.0014894232153892517,-0.05259456858038902,0.8390657901763916,False
adapted_progress_diagnostic,temporalot,failure,39,0.4482758620689655,117,sampled_source_frame,-0.0016983706736937165,negative diagonal temporal transport cost,-0.001698371022939682,-0.054292939603328705,0.8661606907844543,False
adapted_progress_diagnostic,temporalot,failure,40,0.45977011494252873,120,sampled_source_frame,-0.0018924486357718706,negative diagonal temporal transport cost,-0.0018924474716186523,-0.05618538707494736,0.8963518142700195,False
adapted_progress_diagnostic,temporalot,failure,41,0.47126436781609193,123,sampled_source_frame,-0.001977642299607396,negative diagonal temporal transport cost,-0.001977641135454178,-0.058163028210401535,0.9279020428657532,False
adapted_progress_diagnostic,temporalot,failure,42,0.48275862068965514,126,sampled_source_frame,-0.0019339724676683545,negative diagonal temporal transport cost,-0.0019339732825756073,-0.06009700149297714,0.958755612373352,False
adapted_progress_diagnostic,temporalot,failure,43,0.4942528735632184,129,sampled_source_frame,-0.0017466925783082843,negative diagonal temporal transport cost,-0.0017466917634010315,-0.061843693256378174,0.9866214394569397,False
adapted_progress_diagnostic,temporalot,failure,44,0.5057471264367817,131,sampled_source_frame,-0.001551430905237794,negative diagonal temporal transport cost,-0.0015514343976974487,-0.06339512765407562,1.0113722085952759,False
adapted_progress_diagnostic,temporalot,failure,45,0.5172413793103449,134,sampled_source_frame,-0.0014738230966031551,negative diagonal temporal transport cost,-0.0014738216996192932,-0.06486894935369492,1.0348846912384033,False
adapted_progress_diagnostic,temporalot,failure,46,0.5287356321839081,137,sampled_source_frame,-0.001587451552040875,negative diagonal temporal transport cost,-0.0015874505043029785,-0.0664563998579979,1.060210108757019,False
adapted_progress_diagnostic,temporalot,failure,47,0.5402298850574713,140,sampled_source_frame,-0.001775261596776545,negative diagonal temporal transport cost,-0.0017752647399902344,-0.06823166459798813,1.088531732559204,False
adapted_progress_diagnostic,temporalot,failure,48,0.5517241379310345,143,sampled_source_frame,-0.0018438766710460186,negative diagonal temporal transport cost,-0.001843877136707306,-0.07007554173469543,1.1179479360580444,False
adapted_progress_diagnostic,temporalot,failure,49,0.5632183908045977,146,sampled_source_frame,-0.0018160413019359112,negative diagonal temporal transport cost,-0.0018160417675971985,-0.07189158350229263,1.146920084953308,False
adapted_progress_diagnostic,temporalot,failure,50,0.5747126436781609,149,sampled_source_frame,-0.0017420544754713774,negative diagonal temporal transport cost,-0.0017420575022697449,-0.07363364100456238,1.1747119426727295,False
adapted_progress_diagnostic,temporalot,failure,51,0.5862068965517241,152,sampled_source_frame,-0.00168126099742949,negative diagonal temporal transport cost,-0.0016812607645988464,-0.07531490176916122,1.2015339136123657,False
adapted_progress_diagnostic,temporalot,failure,52,0.5977011494252873,155,sampled_source_frame,-0.0015787341399118304,negative diagonal temporal transport cost,-0.0015787333250045776,-0.0768936350941658,1.2267202138900757,False
adapted_progress_diagnostic,temporalot,failure,53,0.6091954022988506,158,sampled_source_frame,-0.0014788793632760644,negative diagonal temporal transport cost,-0.0014788806438446045,-0.0783725157380104,1.2503135204315186,False
adapted_progress_diagnostic,temporalot,failure,54,0.6206896551724138,161,sampled_source_frame,-0.0014228131622076035,negative diagonal temporal transport cost,-0.0014228150248527527,-0.07979533076286316,1.2730122804641724,False
adapted_progress_diagnostic,temporalot,failure,55,0.632183908045977,164,sampled_source_frame,-0.0014611666556447744,negative diagonal temporal transport cost,-0.0014611631631851196,-0.08125649392604828,1.2963229417800903,False
adapted_progress_diagnostic,temporalot,failure,56,0.6436781609195402,167,sampled_source_frame,-0.0015619993209838867,negative diagonal temporal transport cost,-0.0015619993209838867,-0.08281849324703217,1.3212422132492065,False
adapted_progress_diagnostic,temporalot,failure,57,0.6551724137931034,170,sampled_source_frame,-0.001718914252705872,negative diagonal temporal transport cost,-0.0017189159989356995,-0.08453740924596786,1.3486648797988892,False
adapted_progress_diagnostic,temporalot,failure,58,0.6666666666666666,173,sampled_source_frame,-0.001828509382903576,negative diagonal temporal transport cost,-0.001828506588935852,-0.08636591583490372,1.3778358697891235,False
adapted_progress_diagnostic,temporalot,failure,59,0.6781609195402298,176,sampled_source_frame,-0.0018529470544308424,negative diagonal temporal transport cost,-0.0018529444932937622,-0.08821886032819748,1.4073967933654785,False
adapted_progress_diagnostic,temporalot,failure,60,0.6896551724137931,179,sampled_source_frame,-0.0017588810296729207,negative diagonal temporal transport cost,-0.0017588809132575989,-0.08997774124145508,1.4354571104049683,False
adapted_progress_diagnostic,temporalot,failure,61,0.7011494252873564,182,sampled_source_frame,-0.0016310035716742277,negative diagonal temporal transport cost,-0.0016310065984725952,-0.09160874783992767,1.461477279663086,False
adapted_progress_diagnostic,temporalot,failure,62,0.7126436781609196,185,sampled_source_frame,-0.0016615528147667646,negative diagonal temporal transport cost,-0.001661553978919983,-0.09327030181884766,1.4879847764968872,False
adapted_progress_diagnostic,temporalot,failure,63,0.7241379310344828,188,sampled_source_frame,-0.0016675309743732214,negative diagonal temporal transport cost,-0.0016675293445587158,-0.09493783116340637,1.5145877599716187,False
adapted_progress_diagnostic,temporalot,failure,64,0.735632183908046,191,sampled_source_frame,-0.0018004928715527058,negative diagonal temporal transport cost,-0.0018004924058914185,-0.09673832356929779,1.5433118343353271,False
adapted_progress_diagnostic,temporalot,failure,65,0.7471264367816092,194,sampled_source_frame,-0.0018157814629375935,negative diagonal temporal transport cost,-0.0018157809972763062,-0.0985541045665741,1.5722798109054565,False
adapted_progress_diagnostic,temporalot,failure,66,0.7586206896551724,197,sampled_source_frame,-0.0018477655248716474,negative diagonal temporal transport cost,-0.0018477663397789001,-0.100401870906353,1.6017581224441528,False
adapted_progress_diagnostic,temporalot,failure,67,0.7701149425287356,200,sampled_source_frame,-0.0018004068406298757,negative diagonal temporal transport cost,-0.0018004104495048523,-0.10220228135585785,1.6304808855056763,False
adapted_progress_diagnostic,temporalot,failure,68,0.7816091954022988,203,sampled_source_frame,-0.001748155802488327,negative diagonal temporal transport cost,-0.0017481595277786255,-0.10395044088363647,1.6583701372146606,False
adapted_progress_diagnostic,temporalot,failure,69,0.7931034482758621,206,sampled_source_frame,-0.0018525102641433477,negative diagonal temporal transport cost,-0.0018525123596191406,-0.10580295324325562,1.6879241466522217,False
adapted_progress_diagnostic,temporalot,failure,70,0.8045977011494253,209,sampled_source_frame,-0.0020356387831270695,negative diagonal temporal transport cost,-0.0020356401801109314,-0.10783859342336655,1.7203996181488037,False
adapted_progress_diagnostic,temporalot,failure,71,0.8160919540229885,212,sampled_source_frame,-0.0022828388027846813,negative diagonal temporal transport cost,-0.00228283554315567,-0.11012142896652222,1.7568187713623047,False
adapted_progress_diagnostic,temporalot,failure,72,0.8275862068965517,215,sampled_source_frame,-0.0025214252527803183,negative diagonal temporal transport cost,-0.002521425485610962,-0.11264285445213318,1.797044277191162,False
adapted_progress_diagnostic,temporalot,failure,73,0.8390804597701149,218,sampled_source_frame,-0.0028470861725509167,negative diagonal temporal transport cost,-0.0028470829129219055,-0.11548993736505508,1.8424650430679321,False
adapted_progress_diagnostic,temporalot,failure,74,0.8505747126436781,221,sampled_source_frame,-0.0030159607995301485,negative diagonal temporal transport cost,-0.003015957772731781,-0.11850589513778687,1.8905800580978394,False
adapted_progress_diagnostic,temporalot,failure,75,0.8620689655172413,224,sampled_source_frame,-0.0030316959600895643,negative diagonal temporal transport cost,-0.003031693398952484,-0.12153758853673935,1.9389461278915405,False
adapted_progress_diagnostic,temporalot,failure,76,0.8735632183908046,227,sampled_source_frame,-0.0029681134037673473,negative diagonal temporal transport cost,-0.002968110144138336,-0.12450569868087769,1.9862977266311646,False
adapted_progress_diagnostic,temporalot,failure,77,0.8850574712643678,230,sampled_source_frame,-0.002919487887993455,negative diagonal temporal transport cost,-0.002919495105743408,-0.1274251937866211,2.0328738689422607,False
adapted_progress_diagnostic,temporalot,failure,78,0.896551724137931,233,sampled_source_frame,-0.002849757904186845,negative diagonal temporal transport cost,-0.002849757671356201,-0.1302749514579773,2.0783374309539795,False
adapted_progress_diagnostic,temporalot,failure,79,0.9080459770114943,236,sampled_source_frame,-0.0027710224967449903,negative diagonal temporal transport cost,-0.00277101993560791,-0.1330459713935852,2.122544765472412,False
adapted_progress_diagnostic,temporalot,failure,80,0.9195402298850575,239,sampled_source_frame,-0.002758059650659561,negative diagonal temporal transport cost,-0.0027580559253692627,-0.13580402731895447,2.1665453910827637,False
adapted_progress_diagnostic,temporalot,failure,81,0.9310344827586207,242,sampled_source_frame,-0.002927228808403015,negative diagonal temporal transport cost,-0.002927228808403015,-0.13873125612735748,2.213244676589966,False
adapted_progress_diagnostic,temporalot,failure,82,0.9425287356321839,245,sampled_source_frame,-0.0031544873490929604,negative diagonal temporal transport cost,-0.0031544864177703857,-0.14188574254512787,2.2635698318481445,False
adapted_progress_diagnostic,temporalot,failure,83,0.9540229885057471,248,sampled_source_frame,-0.0033035394735634327,negative diagonal temporal transport cost,-0.003303542733192444,-0.1451892852783203,2.316272735595703,False
adapted_progress_diagnostic,temporalot,failure,84,0.9655172413793103,251,sampled_source_frame,-0.0034062163904309273,negative diagonal temporal transport cost,-0.003406211733818054,-0.14859549701213837,2.3706135749816895,False
adapted_progress_diagnostic,temporalot,failure,85,0.9770114942528736,254,sampled_source_frame,-0.003357450943440199,negative diagonal temporal transport cost,-0.0033574551343917847,-0.15195295214653015,2.4241766929626465,False
adapted_progress_diagnostic,temporalot,failure,86,0.9885057471264368,257,sampled_source_frame,-0.0033389965537935495,negative diagonal temporal transport cost,-0.0033389925956726074,-0.15529194474220276,2.477445125579834,False
adapted_progress_diagnostic,temporalot,failure,87,1.0,260,sampled_source_frame,-0.0032758002635091543,negative diagonal temporal transport cost,-0.0032757967710494995,-0.15856774151325226,2.52970552444458,False
native_reward_protocol,vip,success,0,0.0,0,control_step,-20.539512634277344,negative goal-embedding Euclidean distance,0.0,0.0,-0.0,True
native_reward_protocol,vip,success,1,0.06666666666666667,24,control_step,-20.015233993530273,negative goal-embedding Euclidean distance,-20.015233993530273,-20.015233993530273,0.08150947093963623,True
native_reward_protocol,vip,success,2,0.13333333333333333,48,control_step,-19.803184509277344,negative goal-embedding Euclidean distance,-19.803186416625977,-39.81842041015625,0.1621553897857666,True
native_reward_protocol,vip,success,3,0.2,72,control_step,-18.94253921508789,negative goal-embedding Euclidean distance,-18.942535400390625,-58.760955810546875,0.23929645121097565,True
native_reward_protocol,vip,success,4,0.26666666666666666,96,control_step,-18.271120071411133,negative goal-embedding Euclidean distance,-18.2711181640625,-77.03207397460938,0.3137032389640808,True
native_reward_protocol,vip,success,5,0.3333333333333333,120,control_step,-18.5136775970459,negative goal-embedding Euclidean distance,-18.51367950439453,-95.5457534790039,0.38909780979156494,True
native_reward_protocol,vip,success,6,0.4,144,control_step,-18.86083221435547,negative goal-embedding Euclidean distance,-18.86083221435547,-114.40658569335938,0.4659061133861542,True
native_reward_protocol,vip,success,7,0.4666666666666667,168,control_step,-21.18084716796875,negative goal-embedding Euclidean distance,-21.18084716796875,-135.58743286132812,0.5521624088287354,True
native_reward_protocol,vip,success,8,0.5333333333333333,192,control_step,-20.8719539642334,negative goal-embedding Euclidean distance,-20.8719482421875,-156.45938110351562,0.6371607184410095,True
native_reward_protocol,vip,success,9,0.6,216,control_step,-17.864633560180664,negative goal-embedding Euclidean distance,-17.864639282226562,-174.3240203857422,0.7099121809005737,True
native_reward_protocol,vip,success,10,0.6666666666666666,240,control_step,-16.025320053100586,negative goal-embedding Euclidean distance,-16.025314331054688,-190.34933471679688,0.7751732468605042,True
native_reward_protocol,vip,success,11,0.7333333333333333,264,control_step,-15.946250915527344,negative goal-embedding Euclidean distance,-15.946258544921875,-206.29559326171875,0.8401122689247131,True
native_reward_protocol,vip,success,12,0.8,288,control_step,-14.51206111907959,negative goal-embedding Euclidean distance,-14.512054443359375,-220.80764770507812,0.8992108106613159,True
native_reward_protocol,vip,success,13,0.8666666666666667,312,control_step,-11.14852237701416,negative goal-embedding Euclidean distance,-11.148529052734375,-231.9561767578125,0.9446117281913757,True
native_reward_protocol,vip,success,14,0.9333333333333333,336,control_step,-5.139586925506592,negative goal-embedding Euclidean distance,-5.13958740234375,-237.09576416015625,0.9655420184135437,True
native_reward_protocol,vip,success,15,1.0,360,control_step,-8.461404800415039,negative goal-embedding Euclidean distance,-8.461410522460938,-245.5571746826172,1.0,True
native_reward_protocol,vip,failure,0,0.0,0,control_step,-20.54474449157715,negative goal-embedding Euclidean distance,0.0,0.0,-0.0,True
native_reward_protocol,vip,failure,1,0.06666666666666667,32,control_step,-19.44416618347168,negative goal-embedding Euclidean distance,-19.44416618347168,-19.44416618347168,0.07918386906385422,True
native_reward_protocol,vip,failure,2,0.13333333333333333,72,control_step,-19.022382736206055,negative goal-embedding Euclidean distance,-19.022382736206055,-38.466548919677734,0.15665008127689362,True
native_reward_protocol,vip,failure,3,0.2,104,control_step,-18.534223556518555,negative goal-embedding Euclidean distance,-18.534221649169922,-57.000770568847656,0.2321283221244812,True
native_reward_protocol,vip,failure,4,0.26666666666666666,136,control_step,-18.426727294921875,negative goal-embedding Euclidean distance,-18.426727294921875,-75.42749786376953,0.30716878175735474,True
native_reward_protocol,vip,failure,5,0.3333333333333333,168,control_step,-18.883012771606445,negative goal-embedding Euclidean distance,-18.883018493652344,-94.31051635742188,0.38406744599342346,True
native_reward_protocol,vip,failure,6,0.4,208,control_step,-19.071563720703125,negative goal-embedding Euclidean distance,-19.071563720703125,-113.382080078125,0.46173393726348877,True
native_reward_protocol,vip,failure,7,0.4666666666666667,240,control_step,-17.785465240478516,negative goal-embedding Euclidean distance,-17.78546142578125,-131.16754150390625,0.5341629385948181,True
native_reward_protocol,vip,failure,8,0.5333333333333333,272,control_step,-17.819704055786133,negative goal-embedding Euclidean distance,-17.8197021484375,-148.98724365234375,0.6067314147949219,True
native_reward_protocol,vip,failure,9,0.6,304,control_step,-16.62622833251953,negative goal-embedding Euclidean distance,-16.626235961914062,-165.6134796142578,0.6744396090507507,True
native_reward_protocol,vip,failure,10,0.6666666666666666,344,control_step,-17.341636657714844,negative goal-embedding Euclidean distance,-17.341629028320312,-182.95510864257812,0.7450611591339111,True
native_reward_protocol,vip,failure,11,0.7333333333333333,376,control_step,-17.372188568115234,negative goal-embedding Euclidean distance,-17.3721923828125,-200.32730102539062,0.8158071637153625,True
native_reward_protocol,vip,failure,12,0.8,408,control_step,-17.23554801940918,negative goal-embedding Euclidean distance,-17.235549926757812,-217.56285095214844,0.8859966993331909,True
native_reward_protocol,vip,failure,13,0.8666666666666667,440,control_step,-17.510026931762695,negative goal-embedding Euclidean distance,-17.510025024414062,-235.0728759765625,0.957304060459137,True
native_reward_protocol,vip,failure,14,0.9333333333333333,480,control_step,-17.24580192565918,negative goal-embedding Euclidean distance,-17.245803833007812,-252.3186798095703,1.027535319328308,True
native_reward_protocol,vip,failure,15,1.0,512,control_step,-17.42740821838379,negative goal-embedding Euclidean distance,-17.427413940429688,-269.74609375,1.098506212234497,True
native_reward_protocol,robometer,success,0,0.0,0,control_step,0.0006384304724633694,absolute predicted progress,0.0,0.0,0.0,True
native_reward_protocol,robometer,success,1,0.06666666666666667,24,control_step,0.08585765957832336,absolute predicted progress,0.08585765957832336,0.08585765957832336,0.11508046090602875,True
native_reward_protocol,robometer,success,2,0.13333333333333333,48,control_step,0.027005406096577644,absolute predicted progress,0.027005404233932495,0.11286306381225586,0.15127752721309662,True
native_reward_protocol,robometer,success,3,0.2,72,control_step,0.04172559827566147,absolute predicted progress,0.041725605726242065,0.15458866953849792,0.20720498263835907,True
native_reward_protocol,robometer,success,4,0.26666666666666666,96,control_step,0.007500330917537212,absolute predicted progress,0.007500320672988892,0.16208899021148682,0.21725815534591675,True
native_reward_protocol,robometer,success,5,0.3333333333333333,120,control_step,0.008146758191287518,absolute predicted progress,0.00814676284790039,0.1702357530593872,0.2281777709722519,True
native_reward_protocol,robometer,success,6,0.4,144,control_step,0.005505324807018042,absolute predicted progress,0.00550532341003418,0.1757410764694214,0.23555690050125122,True
native_reward_protocol,robometer,success,7,0.4666666666666667,168,control_step,0.0077344500459730625,absolute predicted progress,0.007734447717666626,0.183475524187088,0.24592387676239014,True
native_reward_protocol,robometer,success,8,0.5333333333333333,192,control_step,0.016876881942152977,absolute predicted progress,0.016876891255378723,0.20035241544246674,0.2685450315475464,True
native_reward_protocol,robometer,success,9,0.6,216,control_step,0.024038206785917282,absolute predicted progress,0.024038195610046387,0.22439061105251312,0.3007649779319763,True
native_reward_protocol,robometer,success,10,0.6666666666666666,240,control_step,0.047049663960933685,absolute predicted progress,0.04704965651035309,0.2714402675628662,0.3638286292552948,True
native_reward_protocol,robometer,success,11,0.7333333333333333,264,control_step,0.04777254909276962,absolute predicted progress,0.04777255654335022,0.31921282410621643,0.42786118388175964,True
native_reward_protocol,robometer,success,12,0.8,288,control_step,0.13853150606155396,absolute predicted progress,0.13853150606155396,0.4577443301677704,0.6135437488555908,True
native_reward_protocol,robometer,success,13,0.8666666666666667,312,control_step,0.05317191034555435,absolute predicted progress,0.053171902894973755,0.5109162330627441,0.6848134398460388,True
native_reward_protocol,robometer,success,14,0.9333333333333333,336,control_step,0.0229448564350605,absolute predicted progress,0.022944867610931396,0.5338611006736755,0.7155678868293762,True
native_reward_protocol,robometer,success,15,1.0,360,control_step,0.21220523118972778,absolute predicted progress,0.21220523118972778,0.7460663318634033,1.0,True
native_reward_protocol,robometer,failure,0,0.0,0,control_step,0.000590963289141655,absolute predicted progress,0.0,0.0,0.0,True
native_reward_protocol,robometer,failure,1,0.06666666666666667,32,control_step,0.1189756691455841,absolute predicted progress,0.1189756691455841,0.1189756691455841,0.15947063267230988,True
native_reward_protocol,robometer,failure,2,0.13333333333333333,72,control_step,0.049844373017549515,absolute predicted progress,0.049844369292259216,0.16882003843784332,0.22628019750118256,True
native_reward_protocol,robometer,failure,3,0.2,104,control_step,0.003913844935595989,absolute predicted progress,0.003913849592208862,0.17273388803005219,0.231526181101799,True
native_reward_protocol,robometer,failure,4,0.26666666666666666,136,control_step,0.006935732439160347,absolute predicted progress,0.006935730576515198,0.17966961860656738,0.24082258343696594,True
native_reward_protocol,robometer,failure,5,0.3333333333333333,168,control_step,0.002574790734797716,absolute predicted progress,0.0025747865438461304,0.1822444051504135,0.24427373707294464,True
native_reward_protocol,robometer,failure,6,0.4,208,control_step,0.0018753714393824339,absolute predicted progress,0.001875370740890503,0.18411977589130402,0.2467874139547348,True
native_reward_protocol,robometer,failure,7,0.4666666666666667,240,control_step,0.0018797338707372546,absolute predicted progress,0.0018797367811203003,0.18599951267242432,0.24930694699287415,True
native_reward_protocol,robometer,failure,8,0.5333333333333333,272,control_step,0.0026742215268313885,absolute predicted progress,0.0026742219924926758,0.188673734664917,0.2528913617134094,True
native_reward_protocol,robometer,failure,9,0.6,304,control_step,0.0029855980537831783,absolute predicted progress,0.0029855966567993164,0.1916593313217163,0.2568931579589844,True
native_reward_protocol,robometer,failure,10,0.6666666666666666,344,control_step,0.005601024720817804,absolute predicted progress,0.005601033568382263,0.19726036489009857,0.26440057158470154,True
native_reward_protocol,robometer,failure,11,0.7333333333333333,376,control_step,0.007946011610329151,absolute predicted progress,0.007945999503135681,0.20520636439323425,0.2750511169433594,True
native_reward_protocol,robometer,failure,12,0.8,408,control_step,0.008406369015574455,absolute predicted progress,0.008406370878219604,0.21361273527145386,0.28631868958473206,True
native_reward_protocol,robometer,failure,13,0.8666666666666667,440,control_step,0.005522094201296568,absolute predicted progress,0.005522102117538452,0.2191348373889923,0.2937203049659729,True
native_reward_protocol,robometer,failure,14,0.9333333333333333,480,control_step,0.020153740420937538,absolute predicted progress,0.020153731107711792,0.2392885684967041,0.3207336366176605,True
native_reward_protocol,robometer,failure,15,1.0,512,control_step,0.01525179110467434,absolute predicted progress,0.015251785516738892,0.254540354013443,0.3411765992641449,True
native_reward_protocol,robodopamine,success,0,0.0,0,control_step,0.0,"mean of incremental, forward, and backward mode hop/reward outputs",0.0,0.0,0.0,True
native_reward_protocol,robodopamine,success,1,0.06666666666666667,24,control_step,0.09299999475479126,"mean of incremental, forward, and backward mode hop/reward outputs",0.09299999475479126,0.09299999475479126,0.10043196380138397,True
native_reward_protocol,robodopamine,success,2,0.13333333333333333,48,control_step,0.05366666242480278,"mean of incremental, forward, and backward mode hop/reward outputs",0.05366666615009308,0.14666666090488434,0.15838731825351715,True
native_reward_protocol,robodopamine,success,3,0.2,72,control_step,0.11133333295583725,"mean of incremental, forward, and backward mode hop/reward outputs",0.11133332550525665,0.257999986410141,0.2786177098751068,True
native_reward_protocol,robodopamine,success,4,0.26666666666666666,96,control_step,0.06333333998918533,"mean of incremental, forward, and backward mode hop/reward outputs",0.06333333253860474,0.3213333189487457,0.3470122516155243,True
native_reward_protocol,robodopamine,success,5,0.3333333333333333,120,control_step,0.0026666719932109118,"mean of incremental, forward, and backward mode hop/reward outputs",0.002666682004928589,0.3240000009536743,0.3498920202255249,True
native_reward_protocol,robodopamine,success,6,0.4,144,control_step,-0.0026666719932109118,"mean of incremental, forward, and backward mode hop/reward outputs",-0.002666682004928589,0.3213333189487457,0.3470122516155243,True
native_reward_protocol,robodopamine,success,7,0.4666666666666667,168,control_step,0.026666661724448204,"mean of incremental, forward, and backward mode hop/reward outputs",0.02666667103767395,0.3479999899864197,0.3758099377155304,True
native_reward_protocol,robodopamine,success,8,0.5333333333333333,192,control_step,0.021333346143364906,"mean of incremental, forward, and backward mode hop/reward outputs",0.02133333683013916,0.36933332681655884,0.39884811639785767,True
native_reward_protocol,robodopamine,success,9,0.6,216,control_step,-0.0806666687130928,"mean of incremental, forward, and backward mode hop/reward outputs",-0.08066666126251221,0.28866666555404663,0.311735063791275,True
native_reward_protocol,robodopamine,success,10,0.6666666666666666,240,control_step,-0.007333333138376474,"mean of incremental, forward, and backward mode hop/reward outputs",-0.007333338260650635,0.281333327293396,0.30381569266319275,True
native_reward_protocol,robodopamine,success,11,0.7333333333333333,264,control_step,0.04833332076668739,"mean of incremental, forward, and backward mode hop/reward outputs",0.048333317041397095,0.3296666443347931,0.3560115098953247,True
native_reward_protocol,robodopamine,success,12,0.8,288,control_step,0.028000017628073692,"mean of incremental, forward, and backward mode hop/reward outputs",0.02800002694129944,0.35766667127609253,0.3862491250038147,True
native_reward_protocol,robodopamine,success,13,0.8666666666666667,312,control_step,-0.034666676074266434,"mean of incremental, forward, and backward mode hop/reward outputs",-0.03466668725013733,0.3229999840259552,0.3488121032714844,True
native_reward_protocol,robodopamine,success,14,0.9333333333333333,336,control_step,0.6029999852180481,"mean of incremental, forward, and backward mode hop/reward outputs",0.6030000150203705,0.9259999990463257,1.0,True
native_reward_protocol,robodopamine,success,15,1.0,360,control_step,0.0,"mean of incremental, forward, and backward mode hop/reward outputs",0.0,0.9259999990463257,1.0,True
native_reward_protocol,robodopamine,failure,0,0.0,0,control_step,0.0,"mean of incremental, forward, and backward mode hop/reward outputs",0.0,0.0,0.0,True
native_reward_protocol,robodopamine,failure,1,0.06666666666666667,32,control_step,0.13333332538604736,"mean of incremental, forward, and backward mode hop/reward outputs",0.13333332538604736,0.13333332538604736,0.1439884752035141,True
native_reward_protocol,robodopamine,failure,2,0.13333333333333333,72,control_step,0.11966666579246521,"mean of incremental, forward, and backward mode hop/reward outputs",0.11966666579246521,0.2529999911785126,0.2732181251049042,True
native_reward_protocol,robodopamine,failure,3,0.2,104,control_step,0.05533333495259285,"mean of incremental, forward, and backward mode hop/reward outputs",0.055333346128463745,0.3083333373069763,0.3329733610153198,True
native_reward_protocol,robodopamine,failure,4,0.26666666666666666,136,control_step,-0.04833332821726799,"mean of incremental, forward, and backward mode hop/reward outputs",-0.04833334684371948,0.25999999046325684,0.28077754378318787,True
native_reward_protocol,robodopamine,failure,5,0.3333333333333333,168,control_step,-0.046000003814697266,"mean of incremental, forward, and backward mode hop/reward outputs",-0.046000003814697266,0.21399998664855957,0.23110151290893555,True
native_reward_protocol,robodopamine,failure,6,0.4,208,control_step,0.0,"mean of incremental, forward, and backward mode hop/reward outputs",0.0,0.21399998664855957,0.23110151290893555,True
native_reward_protocol,robodopamine,failure,7,0.4666666666666667,240,control_step,0.0846666693687439,"mean of incremental, forward, and backward mode hop/reward outputs",0.0846666693687439,0.29866665601730347,0.3225342035293579,True
native_reward_protocol,robodopamine,failure,8,0.5333333333333333,272,control_step,-0.025999993085861206,"mean of incremental, forward, and backward mode hop/reward outputs",-0.025999993085861206,0.27266666293144226,0.29445645213127136,True
native_reward_protocol,robodopamine,failure,9,0.6,304,control_step,0.05933332443237305,"mean of incremental, forward, and backward mode hop/reward outputs",0.05933332443237305,0.3319999873638153,0.35853132605552673,True
native_reward_protocol,robodopamine,failure,10,0.6666666666666666,344,control_step,-0.029666662216186523,"mean of incremental, forward, and backward mode hop/reward outputs",-0.029666662216186523,0.3023333251476288,0.32649388909339905,True
native_reward_protocol,robodopamine,failure,11,0.7333333333333333,376,control_step,-0.05899999663233757,"mean of incremental, forward, and backward mode hop/reward outputs",-0.058999985456466675,0.2433333396911621,0.26277899742126465,True
native_reward_protocol,robodopamine,failure,12,0.8,408,control_step,0.0729999914765358,"mean of incremental, forward, and backward mode hop/reward outputs",0.0729999840259552,0.3163333237171173,0.34161266684532166,True
native_reward_protocol,robodopamine,failure,13,0.8666666666666667,440,control_step,-0.17400000989437103,"mean of incremental, forward, and backward mode hop/reward outputs",-0.17400000989437103,0.14233331382274628,0.15370768308639526,True
native_reward_protocol,robodopamine,failure,14,0.9333333333333333,480,control_step,0.07499999552965164,"mean of incremental, forward, and backward mode hop/reward outputs",0.07500000298023224,0.21733331680297852,0.23470120131969452,True
native_reward_protocol,robodopamine,failure,15,1.0,512,control_step,-0.06933332234621048,"mean of incremental, forward, and backward mode hop/reward outputs",-0.06933332979679108,0.14799998700618744,0.15982720255851746,True
native_reward_protocol,jev,success,0,0.0,0,control_step,0.006000000052154064,probability-weighted expected absolute progress over 11 bins,0.0,0.0,0.0,True
native_reward_protocol,jev,success,1,0.06666666666666667,24,control_step,0.0860000029206276,probability-weighted expected absolute progress over 11 bins,0.08000000566244125,0.08000000566244125,0.09174312651157379,True
native_reward_protocol,jev,success,2,0.13333333333333333,48,control_step,0.08699999749660492,probability-weighted expected absolute progress over 11 bins,0.0009999945759773254,0.08100000023841858,0.09288990497589111,True
native_reward_protocol,jev,success,3,0.2,72,control_step,0.07800000160932541,probability-weighted expected absolute progress over 11 bins,0.0,0.08100000023841858,0.09288990497589111,True
native_reward_protocol,jev,success,4,0.26666666666666666,96,control_step,0.06599999964237213,probability-weighted expected absolute progress over 11 bins,0.0,0.08100000023841858,0.09288990497589111,True
native_reward_protocol,jev,success,5,0.3333333333333333,120,control_step,0.2290000021457672,probability-weighted expected absolute progress over 11 bins,0.1420000046491623,0.22300000488758087,0.2557339370250702,True
native_reward_protocol,jev,success,6,0.4,144,control_step,0.32499998807907104,probability-weighted expected absolute progress over 11 bins,0.09600000083446503,0.3190000057220459,0.3658256530761719,True
native_reward_protocol,jev,success,7,0.4666666666666667,168,control_step,0.3409999907016754,probability-weighted expected absolute progress over 11 bins,0.015999972820281982,0.3349999785423279,0.38417428731918335,True
native_reward_protocol,jev,success,8,0.5333333333333333,192,control_step,0.44600000977516174,probability-weighted expected absolute progress over 11 bins,0.10500001907348633,0.4399999976158142,0.5045871734619141,True
native_reward_protocol,jev,success,9,0.6,216,control_step,0.5149999856948853,probability-weighted expected absolute progress over 11 bins,0.0690000057220459,0.5090000033378601,0.583715558052063,True
native_reward_protocol,jev,success,10,0.6666666666666666,240,control_step,0.5540000200271606,probability-weighted expected absolute progress over 11 bins,0.03900003433227539,0.5480000376701355,0.6284403800964355,True
native_reward_protocol,jev,success,11,0.7333333333333333,264,control_step,0.6420000195503235,probability-weighted expected absolute progress over 11 bins,0.08799999952316284,0.6360000371932983,0.7293577790260315,True
native_reward_protocol,jev,success,12,0.8,288,control_step,0.7080000042915344,probability-weighted expected absolute progress over 11 bins,0.06599998474121094,0.7020000219345093,0.8050458431243896,True
native_reward_protocol,jev,success,13,0.8666666666666667,312,control_step,0.7440000176429749,probability-weighted expected absolute progress over 11 bins,0.03600001335144043,0.7380000352859497,0.8463302850723267,True
native_reward_protocol,jev,success,14,0.9333333333333333,336,control_step,0.8100000023841858,probability-weighted expected absolute progress over 11 bins,0.06599998474121094,0.8040000200271606,0.9220183491706848,True
native_reward_protocol,jev,success,15,1.0,360,control_step,0.878000020980835,probability-weighted expected absolute progress over 11 bins,0.06800001859664917,0.8720000386238098,1.0,True
native_reward_protocol,jev,failure,0,0.0,0,control_step,0.007000000216066837,probability-weighted expected absolute progress over 11 bins,0.0,0.0,0.0,True
native_reward_protocol,jev,failure,1,0.06666666666666667,32,control_step,0.0820000022649765,probability-weighted expected absolute progress over 11 bins,0.07500000298023224,0.07500000298023224,0.08600917458534241,True
native_reward_protocol,jev,failure,2,0.13333333333333333,72,control_step,0.06199999898672104,probability-weighted expected absolute progress over 11 bins,0.0,0.07500000298023224,0.08600917458534241,True
native_reward_protocol,jev,failure,3,0.2,104,control_step,0.14399999380111694,probability-weighted expected absolute progress over 11 bins,0.06199999153614044,0.13699999451637268,0.1571100801229477,True
native_reward_protocol,jev,failure,4,0.26666666666666666,136,control_step,0.39399999380111694,probability-weighted expected absolute progress over 11 bins,0.25,0.3869999945163727,0.44380733370780945,True
native_reward_protocol,jev,failure,5,0.3333333333333333,168,control_step,0.27399998903274536,probability-weighted expected absolute progress over 11 bins,0.0,0.3869999945163727,0.44380733370780945,True
native_reward_protocol,jev,failure,6,0.4,208,control_step,0.3310000002384186,probability-weighted expected absolute progress over 11 bins,0.0,0.3869999945163727,0.44380733370780945,True
native_reward_protocol,jev,failure,7,0.4666666666666667,240,control_step,0.11100000143051147,probability-weighted expected absolute progress over 11 bins,0.0,0.3869999945163727,0.44380733370780945,True
native_reward_protocol,jev,failure,8,0.5333333333333333,272,control_step,0.16699999570846558,probability-weighted expected absolute progress over 11 bins,0.0,0.3869999945163727,0.44380733370780945,True
native_reward_protocol,jev,failure,9,0.6,304,control_step,0.1459999978542328,probability-weighted expected absolute progress over 11 bins,0.0,0.3869999945163727,0.44380733370780945,True
native_reward_protocol,jev,failure,10,0.6666666666666666,344,control_step,0.15399999916553497,probability-weighted expected absolute progress over 11 bins,0.0,0.3869999945163727,0.44380733370780945,True
native_reward_protocol,jev,failure,11,0.7333333333333333,376,control_step,0.10999999940395355,probability-weighted expected absolute progress over 11 bins,0.0,0.3869999945163727,0.44380733370780945,True
native_reward_protocol,jev,failure,12,0.8,408,control_step,0.11800000071525574,probability-weighted expected absolute progress over 11 bins,0.0,0.3869999945163727,0.44380733370780945,True
native_reward_protocol,jev,failure,13,0.8666666666666667,440,control_step,0.11400000005960464,probability-weighted expected absolute progress over 11 bins,0.0,0.3869999945163727,0.44380733370780945,True
native_reward_protocol,jev,failure,14,0.9333333333333333,480,control_step,0.11599999666213989,probability-weighted expected absolute progress over 11 bins,0.0,0.3869999945163727,0.44380733370780945,True
native_reward_protocol,jev,failure,15,1.0,512,control_step,0.09700000286102295,probability-weighted expected absolute progress over 11 bins,0.0,0.3869999945163727,0.44380733370780945,True
